8e,8e,8e,8e,8e,8e,8e,8e,8e,8e,8e,8e,8e,8e,8e,8e,8e,8e,8e,8e,8e,8e,8e,8e,8e,8e,8e,8e,97,8e,8e,8e,8e,8e,8e,8e,81,8e,8e,8e,8e,8e,8e,8e,8e,8e,8e,8e,8e,8e,8e,8e,8e,8e,8e,8e,8e,16
8e,8e,8e,8e,8e,8e,8e,8e,8e,8e,8e,8e,8e,8e,8e,8e,8e,8e,8e,8e,8e,8e,8e,8e,8e,8e,8e,81,8e,97,98,8e,8e,81,8e,8e,8e,8e,8e,81,8e,8e,8e,8e,8e,8e,8e,8e,8e,8e,8e,8e,8e,8e,8e,8e,8e,16
8e,8e,8e,8e,8e,8e,8e,8e,8e,8e,8e,8e,8e,8e,8e,8e,8e,8e,8e,8e,8e,8e,8e,8e,8e,8e,8e,8e,8e,8e,8e,74,8e,8e,98,98,83,8f,81,8e,8e,8e,8e,8e,8e,8e,8e,8e,8e,8e,8e,8e,8e,8e,8e,8e,8e,16
8e,8e,8e,8e,8e,8e,8e,8e,8e,8e,8e,8e,8e,8e,8e,8e,8e,8e,8e,98,8e,8e,8e,8e,8e,8e,8e,7d,6a,77,77,86,80,97,8e,8e,8e,83,8e,8e,8e,8e,8e,8e,8e,8e,8e,8e,8e,8e,8e,8e,8e,8e,8e,8e,8e,16
8e,8e,8e,8e,8e,8e,8e,8e,8e,8e,8e,8e,8e,8e,8e,8e,8e,8e,8e,8e,8e,8e,8e,8e,8e,8f,7b,4e,1c,15,1d,41,77,97,8e,8e,8e,8e,8e,8e,8e,8e,8e,8e,8e,8e,8e,8e,8e,8e,8e,8e,8e,8e,8e,8e,8e,16
8e,8e,8e,8e,8e,8e,8e,8e,8e,8e,8e,8e,8e,8e,8e,8e,8e,8e,8e,8e,8e,8e,8e,91,8e,7b,41,0,0,0,0,0,26,77,80,8e,8e,8e,8e,8e,8e,8e,8e,8e,8e,8e,8e,8e,8e,8e,8e,8e,8e,8e,8e,8e,8e,16
8e,8e,8e,8e,8e,8e,8e,8e,8e,8e,8e,8e,8e,8e,8e,8e,8e,8e,8e,8e,8e,8e,8e,8b,7b,49,0,0,0,0,0,0,6,26,77,8b,97,8e,8e,8e,8e,8e,8e,8e,8e,8e,8e,8e,8e,8e,8e,8e,8e,8e,8e,8e,8e,16
8e,8e,8e,8e,8e,8e,8e,8e,8e,8e,8e,8e,8e,8e,8e,8e,8e,8e,8e,8e,8e,83,8b,85,41,0,0,0,0,0,0,1,0,0,2d,77,80,8e,8e,8e,8e,8e,8e,8e,8e,8e,8e,8e,8e,8e,8e,8e,8e,8e,8e,8e,8e,16
8e,8e,8e,8e,8e,8e,8e,8e,8e,8e,8e,8e,8e,8e,8e,8e,98,8e,8e,8e,8e,8e,7b,49,0,0,0,0,0,0,0,0,0,0,0,39,77,8c,8e,8e,8e,8e,8e,8e,8e,8e,8e,8d,8e,8e,8e,8e,8e,8e,8e,8e,8e,16
8e,8e,8e,8e,8e,8e,8e,8e,8e,8e,8e,8e,8e,8e,8e,8e,97,8e,8e,8e,8b,86,41,0,0,0,0,0,0,0,0,0,0,0,6,0,33,86,8c,8e,8e,8e,8e,98,8e,8e,8e,8e,8e,8e,8e,8e,8e,8e,8e,8e,8e,16
8e,8e,8e,8e,8e,8e,8e,8e,8e,8e,8e,8e,8e,8e,8e,8e,8e,8e,8e,8e,77,41,0,0,0,0,0,0,0,0,0,0,0,0,0,0,0,33,75,80,8e,8e,97,8e,8e,81,83,8e,8e,8e,8e,8e,8e,8e,8e,8e,8e,16
8e,8e,8e,8e,8e,8e,8e,8e,8e,8e,8e,81,8e,8e,8e,97,8e,8e,97,6c,41,0,0,0,0,0,0,0,0,0,0,0,0,0,0,2,0,0,40,86,8e,8e,8e,8e,8e,8e,97,8e,8e,8e,8e,8e,8e,8e,8e,8e,8e,16
8e,8e,8e,8e,8e,8e,8e,8e,8e,8e,8e,8e,8e,8e,81,8e,83,97,77,41,0,0,6,0,0,0,0,0,0,0,0,0,0,0,0,0,2,0,0,41,7b,8e,98,8e,8e,97,8e,8e,8e,8e,8e,8e,8e,8e,8e,8e,8e,16
8e,8e,8e,8e,8e,8e,8e,8e,8e,8e,8e,8e,8e,8e,83,98,97,77,49,0,5,2,0,0,0,0,0,0,0,5a,d1,ee,ee,d1,bb,0,0,0,0,0,41,6d,8e,8e,8e,98,8e,8e,8e,8e,8e,8e,8e,8e,8e,8e,8e,16
8e,8e,8e,8e,8e,8e,8e,8e,8e,8e,8e,8e,81,83,8e,8b,6a,35,0,0,0,6,0,0,0,2f,ef,f6,fb,ff,ff,fd,fe,fd,ff,fb,f4,5a,0,0,b,50,7d,8e,8e,8e,8e,81,8e,8e,8e,8e,8e,8e,8e,8e,8e,16
8e,8e,8e,8e,8e,8e,8e,8e,8e,8e,8e,97,8e,98,8b,69,37,0,0,0,0,0,0,2f,f0,fb,ff,ff,fd,ff,ff,ff,ff,ff,ff,ff,ff,f9,a2,0,0,b,52,7b,8e,8e,8e,8e,8e,8e,8e,8e,8e,8e,8e,8e,8e,16
8e,8e,8e,8e,8e,8e,8e,8e,8e,98,8e,8e,8d,97,6c,36,0,0,0,0,0,0,d1,fb,ff,ff,ff,ff,ff,ff,ff,ff,ff,ff,ff,ff,ff,ff,f9,0,0,2,11,58,88,98,8e,8e,8e,8e,97,8e,8e,8e,8e,8e,8e,16
8e,8e,8e,8e,8e,8e,8e,8e,8e,81,8e,8e,81,77,33,0,0,0,0,0,0,0,a8,fb,ff,ff,ff,fb,f2,ee,ef,f4,f9,ff,ff,ff,ff,ff,ff,5a,0,0,0,13,58,70,83,8e,8e,8e,8e,8e,8e,8e,98,8e,8e,16
8e,8e,8e,8e,8e,8e,8e,8e,8e,8e,8e,81,77,33,0,0,0,0,0,0,0,0,0,a8,ff,ff,f9,5a,0,0,0,0,0,ee,f9,ff,ff,ff,ff,2f,0,0,2,0,10,58,7d,83,8e,8e,8e,8e,8e,8e,8e,8e,8e,16
8e,8e,8e,8e,8e,8e,8e,8e,83,8e,81,6d,33,0,0,0,0,0,0,0,0,0,0,0,ee,f2,2f,0,0,0,0,0,0,0,ee,ff,ff,ff,f7,0,0,6,6,0,0,15,58,7c,8e,8e,8e,8e,8e,8e,8e,8e,8e,16
8e,8e,8e,8e,8e,8e,8e,8e,8e,8e,77,39,0,0,0,0,0,0,0,0,0,0,0,0,0,0,0,0,0,0,0,0,0,0,f4,ff,ff,ff,ee,0,0,0,0,0,0,0,15,5f,8a,8e,8e,8e,8e,8e,8e,8e,8e,16
8e,8e,8e,8e,8e,8e,8e,8e,8e,7d,41,5,0,0,6,0,0,0,0,0,0,6,0,0,0,0,0,0,0,0,0,6,0,f0,ff,ff,ff,f4,0,0,0,0,0,0,0,0,0,17,63,8c,8e,81,97,8e,8e,8e,8e,16
8e,8e,8e,8e,8e,8e,8e,8e,8e,6a,1e,0,1,0,0,0,0,0,0,0,0,0,0,0,0,0,0,0,0,0,0,0,f0,ff,ff,ff,f9,2f,0,0,6,0,0,0,0,0,0,2,37,7b,8e,8e,8e,8e,8e,8e,8e,16
8e,8e,8e,8e,8e,8e,8e,8e,8e,67,1,0,0,0,0,0,0,0,0,6,0,0,0,0,0,0,0,0,0,0,a8,f6,ff,ff,ff,f9,5a,0,0,0,0,0,0,0,0,0,0,2,18,6a,8e,8e,8e,81,8e,8e,8e,16
8e,8e,8e,8e,8e,8e,8e,8e,98,77,11,0,0,0,0,0,0,0,0,0,0,0,0,0,0,0,0,0,5a,f4,ff,ff,ff,ff,f7,5a,0,0,0,0,0,0,0,0,0,0,0,1,f,77,8e,8e,8e,8e,83,8e,8e,16
8e,8e,8e,8e,8e,8e,8e,8e,8e,7b,35,0,6,0,0,0,0,0,0,0,0,0,0,0,0,0,bb,f5,ff,ff,ff,ff,ff,f2,0,0,0,0,0,0,0,0,0,0,0,0,0,0,21,6d,8e,8e,8e,8e,8e,8e,8e,16
8e,8e,8e,8e,8e,8e,8e,8e,8e,8b,63,13,0,0,0,0,0,0,0,0,0,0,0,0,b6,fb,ff,ff,ff,ff,ff,f9,bb,0,0,0,0,0,0,0,0,0,0,0,0,0,0,0,52,8a,8e,8e,81,8e,8e,8e,8e,16
8e,8e,8e,8e,8e,8e,8e,8e,83,8e,89,59,13,0,0,0,0,0,0,0,0,0,0,0,f2,ff,ff,ff,ff,fb,f1,2f,0,0,0,0,0,0,0,0,0,0,0,0,0,0,0,41,7b,97,8e,8e,8e,8e,8e,8e,8e,16
8e,8e,8e,8e,8e,8e,8e,8e,8e,8e,81,88,59,13,0,0,0,0,0,0,0,0,0,0,f4,ff,ff,f7,a8,0,0,0,0,6,0,0,0,0,0,0,5,6,0,0,2,0,41,77,97,8e,8e,8e,8e,81,8e,8e,8e,16
8e,8e,8e,8e,8e,8e,8e,8e,8e,8e,8e,8e,88,5e,13,2,0,0,0,0,0,0,0,0,f2,ff,ff,fc,0,0,0,0,0,0,0,0,0,0,0,0,0,0,0,2,0,41,6a,97,8e,8e,8e,8e,8e,8e,98,8e,8e,16
8e,8e,8e,8e,8e,8e,8e,8e,8e,8e,8e,8e,8e,7b,57,d,0,0,0,0,0,0,0,0,ef,ff,ff,ff,bb,0,0,0,0,0,0,0,0,0,0,0,0,0,0,0,41,86,8e,8e,83,8e,8e,8e,8e,8e,8e,8e,8e,16
8e,8e,8e,8e,8e,8e,8e,8e,8e,98,8e,8e,81,8e,7b,4e,0,0,0,0,0,0,0,0,5a,ee,ee,ee,bb,0,0,0,0,0,0,0,0,0,0,0,0,0,0,41,7b,8e,8e,8e,8e,8e,8e,8e,8e,8e,8e,8e,8e,16
8e,8e,8e,8e,8e,8e,8e,8e,83,8e,8e,8e,98,8e,8b,87,4e,b,0,0,0,0,0,0,0,0,bb,bb,0,0,0,0,2,0,0,0,6,0,5,0,0,0,41,7b,8e,8e,98,8e,8e,8e,8e,8e,8e,8e,8e,8e,8e,16
8e,8e,8e,8e,8e,8e,8e,8e,8e,8e,8e,8e,8e,8e,8e,8b,7b,43,0,0,0,0,0,0,0,ee,ff,fd,bb,0,0,0,6,0,0,0,0,0,0,0,0,41,86,8e,8e,8e,8e,8e,8e,8e,8e,8e,8e,8e,8e,8e,8e,16
8e,8e,8e,8e,8e,8e,8e,8e,8e,8e,8e,8e,8e,8e,8e,8e,8e,86,43,0,0,0,0,0,0,a2,f9,f9,5a,0,0,0,0,0,0,0,0,0,0,0,41,86,8e,8e,81,8e,8e,8e,8e,8e,8e,8e,8e,8e,8e,8e,8e,16
8e,8e,8e,8e,8e,8e,8e,8e,8e,8e,8e,8e,97,8e,8e,98,8e,8e,86,3f,0,0,0,0,0,0,0,0,0,0,0,0,0,0,0,0,0,6,0,41,7b,8e,8e,8e,97,98,8e,81,8e,8e,8e,8e,8e,8e,8e,8e,8e,16
8e,8e,8e,8e,8e,8e,8e,8e,8e,8e,8e,8e,8e,8e,8e,8e,97,8e,97,78,33,0,0,0,0,0,0,0,0,0,0,0,0,0,0,6,0,0,41,7b,8e,8e,8e,97,8e,8e,8e,8e,8e,8e,8e,8e,8e,8e,8e,8e,8e,16
8e,8e,8e,8e,8e,8e,8e,8e,8e,8e,8e,8e,8e,8e,8e,8e,8e,8e,8e,8b,6a,33,0,0,0,0,0,6,0,0,0,0,0,0,0,5,b,4d,86,8e,8e,8e,8e,98,8e,8e,8e,8e,8e,8e,8e,8e,8e,8e,8e,8e,8e,16
8e,8e,8e,8e,8e,8e,8e,8e,8e,8e,8e,8e,8e,8e,8e,8e,8e,8e,8e,8e,97,77,33,0,0,0,6,0,0,0,0,0,0,3,0,b,50,86,8e,8e,98,8e,98,8e,8e,8e,8e,8e,8e,8e,8e,8e,8e,8e,8e,8e,8e,16
8e,8e,8e,8e,8e,8e,8e,8e,83,8e,8e,8e,8e,8e,8e,83,8e,8e,8e,8e,8e,8b,77,2a,0,0,0,0,0,0,0,0,1,2,6,50,7b,8e,8e,8e,8e,8e,8e,81,8e,8e,8e,90,8e,8e,8e,8e,8e,8e,8e,8e,8e,16
98,8e,8e,8e,8e,8e,81,8e,8e,8e,8e,8e,8e,98,8e,8e,8e,8e,8e,8e,8e,8e,8b,69,26,0,0,0,0,0,0,0,5,b,50,7b,8e,8d,8e,8e,8e,8e,8e,8e,8e,8e,8e,8e,8e,8e,8e,81,8e,8e,8e,8e,8e,16
8e,8e,98,8e,98,98,8e,8e,8e,8e,98,8e,8e,8e,8e,8e,81,8e,8e,8e,8e,8e,98,89,6a,21,0,0,0,0,0,0,b,50,7b,8e,8e,91,8e,8e,8e,8e,8e,98,8e,8e,8e,8e,8e,8e,8e,8e,8e,8e,8e,8e,8e,16
8e,8e,8e,8e,8e,8e,81,8e,8e,8e,98,8e,8e,8e,8e,8e,8e,8e,8e,8e,8e,8e,8e,8e,8b,61,19,0,0,0,0,b,4e,88,8e,8e,8e,8e,97,8e,8e,8e,8e,8e,8e,8e,8e,8e,8e,8e,8e,8e,98,98,8e,8e,8e,16
8e,8e,81,8e,81,8e,8e,98,8e,8e,8e,98,8e,8e,8e,8e,8e,8e,8e,8e,8e,8e,8e,8e,8d,97,67,3f,18,10,24,56,88,8e,8d,8e,8e,8e,8e,8e,8e,8e,8e,8e,8e,8e,8e,8e,8e,8e,81,8e,8e,8e,8e,8e,8e,16
8e,8e,8e,a0,ac,b3,b1,c1,c1,cb,cb,cb,d4,d4,d4,dc,d9,db,de,d9,e1,e8,e8,e8,e7,e7,da,af,a1,9d,a7,d0,e7,e4,e7,e9,e2,dd,dc,da,df,d7,d4,d4,d4,cf,cd,cd,c4,c4,b5,b0,ac,a0,81,8e,8e,16
8e,c1,e2,e9,e7,e7,e9,e9,e9,e9,e9,e9,e9,e9,e9,e9,e9,ed,e7,e9,e9,e9,e7,ed,e7,e9,e6,e6,e8,e6,e6,e6,e7,e9,e6,e7,e6,e9,e9,e9,e6,e6,ea,e6,e6,e6,e6,e6,e9,e9,e9,e9,e9,ed,e3,c1,8e,16
8e,8e,8e,9f,ac,b0,b1,c4,c4,cb,cd,cf,d4,d4,d4,d6,db,d9,db,db,e1,e6,e8,e6,e8,e7,e9,e7,e9,e7,e9,e7,e6,e9,e7,e6,e1,dc,d9,dc,dc,dc,d4,d4,d4,cb,cb,cd,c4,c4,b5,b1,aa,a0,8e,8e,8e,16
8e,8e,8e,81,8e,8e,8e,8e,8e,8e,8e,8e,8e,8e,8e,8e,8e,8e,8e,8e,98,8e,8e,8e,8e,98,8e,74,8e,8e,8e,8e,8e,8e,83,8e,81,98,8e,8e,8e,8e,8e,8e,8e,8e,8e,8e,8e,8e,8e,8e,8e,8e,8e,8e,8e,16
8e,8e,8e,8e,8e,8e,8e,8e,8e,8e,8e,8e,8e,8e,8e,8e,8e,8e,8e,8e,8e,8e,8e,8e,8e,98,8e,8e,8e,8e,8e,8e,8e,8e,8e,8e,8e,8e,8e,99,8e,8e,8e,8e,8e,8e,8e,8e,8e,8e,8e,8e,8e,8e,8e,8e,8e,16
8e,8e,8e,8e,8e,8e,8e,8e,8e,8e,8e,8e,8e,8e,8e,8e,8e,8e,8e,8e,8e,8e,8e,8e,8c,8e,8e,8e,8e,83,8e,8e,81,8e,8e,8e,8e,8e,8e,8e,8e,8e,8e,8e,8e,8e,8e,8e,8e,8e,8e,8e,8e,8e,8e,8e,8e,16
8e,8e,8e,8e,8e,8e,8e,8e,8e,8e,8e,8e,8e,8e,8e,8e,8e,8e,8e,8e,8e,8e,8e,8e,81,8e,8e,8e,8e,83,81,8e,8e,8e,8e,8e,8e,8e,8e,8e,8e,8e,8e,8e,8e,8e,8e,8e,8e,8e,8e,8e,8e,8e,8e,8e,8e,16
8e,8e,8e,8e,8e,8e,8e,8e,8e,8e,8e,8e,8e,8e,8e,8e,8e,8e,8e,8e,8e,8e,8e,8e,8e,98,81,8e,8e,8e,8e,8e,8e,8e,8e,8e,8e,8e,8e,8e,8e,8e,8e,8e,8e,8e,8e,8e,8e,8e,8e,8e,8e,8e,8e,8e,8e,16
8e,8e,8e,8e,8e,8e,8e,8e,8e,8e,8e,8e,8e,8e,8e,8e,8e,8e,8e,8e,8e,8e,8e,8e,8e,8e,8e,97,8e,8e,8e,8e,8e,8e,8e,8e,8e,8e,8e,8e,8e,8e,8e,8e,8e,8e,8e,8e,8e,8e,8e,8e,8e,8e,8e,8e,8e,16
8e,8e,8e,8e,8e,8e,8e,8e,8e,8e,8e,8e,8e,8e,8e,8e,8e,8e,8e,8e,8e,8e,8e,8e,8e,8e,8a,77,65,68,6d,7f,8e,8e,8e,8e,8e,8e,8e,8e,8e,8e,8e,8e,8e,8e,8e,8e,8e,8e,8e,8e,8e,8e,8e,8e,8e,16
8e,8e,8e,8e,8e,8e,8e,8e,8e,8e,8e,8e,8e,8e,8e,8e,8e,8e,8e,8e,8e,8e,8e,8e,8e,7d,5f,2d,15,b,26,54,70,8c,8e,8e,8e,8e,8e,8e,8e,8e,8e,8e,8e,8e,8e,8e,8e,8e,8e,8e,8e,8e,8e,8e,8e,16
8e,8e,8e,8e,8e,8e,8e,8e,8e,8e,8e,8e,8e,8e,8e,8e,8e,8e,8e,8e,8e,8e,8e,8e,7b,58,13,0,0,0,0,10,5b,70,8e,8e,8e,8e,81,8e,8e,8e,8e,8e,8e,8e,8e,8e,8e,8e,8e,8e,8e,8e,8e,8e,8e,16
8e,8e,8e,8e,8e,8e,8e,8e,8e,8e,8e,8e,8e,8e,8e,8e,8e,81,8e,8e,8e,8e,8e,7b,5c,15,2,0,0,0,0,0,14,56,7c,74,8e,8e,8e,98,8e,8e,8e,8e,8e,8e,8e,8e,8e,8e,8e,8e,8e,8e,8e,8e,8e,16
8e,8e,8e,8e,8e,8e,8e,8e,8e,8e,8e,8e,8e,8e,8e,8e,81,8e,8e,8e,8e,8e,88,58,10,0,0,0,0,0,0,0,1,e,54,7d,8e,8e,8e,83,8e,8e,8e,8e,8e,8e,98,8e,8e,8e,8e,8e,8e,8e,8e,8e,8e,16
8e,8e,8e,8e,8e,8e,8e,8e,8e,8e,8e,8e,8e,8e,8e,8e,8e,8e,8e,8e,8e,7b,56,15,2,0,0,0,0,0,0,0,0,0,13,56,7d,8e,8e,8e,8e,8e,8e,8e,8e,8e,8e,8e,8e,8e,8e,8e,8e,8e,8e,8e,8e,16
8e,8e,8e,8e,8e,8e,8e,8e,8e,8e,8e,8e,8e,8e,8e,8e,8e,8e,8e,8e,7b,58,15,2,0,0,0,0,0,0,0,0,0,0,0,13,60,89,8e,8e,8b,8e,8e,8e,8e,8e,8e,8e,8e,8e,8e,8e,8e,8e,8e,8e,8e,16
8e,8e,8e,8e,8e,8e,8e,8e,8e,8e,8e,8e,8e,8e,8e,8e,8e,8e,8e,7b,57,15,0,6,5,0,0,0,0,0,0,0,0,0,6,0,19,60,80,8e,8e,8e,8e,8e,8e,8e,8e,8e,8e,8e,8e,8e,8e,8e,8e,8e,8e,16
8e,8e,8e,8e,8e,8e,8e,8e,8e,8e,8e,8e,8e,8e,8e,8e,8e,8e,7b,58,15,0,6,0,0,0,0,0,0,0,6,0,0,0,0,0,0,19,60,8a,98,83,8e,8e,8e,8e,8e,8e,8e,8e,8e,8e,8e,8e,8e,8e,8e,16
8e,8e,8e,8e,8e,8e,8e,8e,8e,8e,8e,8e,8e,8e,8e,8e,8e,88,56,15,2,6,0,0,0,0,0,0,0,6,2,0,0,0,0,0,0,0,25,77,8b,8e,83,8e,8e,8e,8e,8e,8e,8e,8e,8e,8e,8e,8e,8e,8e,16
8e,8e,8e,8e,8e,8e,8e,8e,8e,8e,8e,8e,8e,8e,8e,8e,7b,5d,15,2,6,0,0,0,0,0,0,0,0,0,0,0,0,0,0,0,2,0,1,26,76,8b,98,8e,97,8e,8e,8e,8e,8e,8e,8e,8e,8e,8e,8e,8e,16
8e,8e,8e,8e,8e,8e,8e,8e,8e,8e,8e,8e,8e,8e,8e,7d,5c,15,2,0,0,0,0,0,0,0,5a,f6,ff,f7,5a,0,0,0,0,0,0,0,0,0,2d,77,8b,91,8e,8e,8e,97,8e,8e,8e,8e,8e,8e,8e,8e,8e,16
8e,8e,8e,8e,8e,8e,8e,8e,83,8e,8e,8e,8e,8e,7d,5d,10,0,0,0,0,0,0,0,0,0,f4,fd,ff,ff,f6,0,0,0,0,0,0,0,0,0,0,35,77,97,8e,8e,8e,8e,8e,8e,8e,8e,8e,8e,8e,8e,8e,16
8e,8e,8e,8e,8e,8e,8e,8e,81,8e,8e,8e,8d,70,58,15,2,0,0,0,0,0,0,0,0,0,ff,ff,ff,ff,ff,2f,0,0,0,0,0,0,0,0,0,0,35,77,8b,8e,8e,8e,8e,8e,8e,8e,8e,8e,8e,8e,8e,16
8e,8e,8e,8e,8e,8e,8e,8e,8e,8e,8e,98,88,56,13,0,0,0,0,0,0,0,0,0,0,0,fb,ff,ff,ff,ff,0,0,0,0,0,0,0,0,0,0,0,0,35,78,8e,98,8e,8e,8e,8e,8e,8e,8e,8e,8e,8e,16
8e,8e,8e,8e,8e,8e,8e,8e,8e,8e,8d,70,58,15,0,0,5,0,0,0,0,0,0,0,0,6,f0,ff,ff,ff,f4,0,0,0,0,0,0,0,0,0,0,0,0,0,3f,86,8e,8e,8e,8e,8e,8e,8e,8e,8e,8e,8e,16
8e,8e,8e,8e,8e,8e,8e,8e,8e,8e,70,4e,6,0,0,0,0,0,0,0,0,0,6,0,0,0,2f,f2,f7,f2,3a,0,0,0,0,0,0,0,0,0,0,0,0,0,0,43,7b,8e,8e,8e,8e,8e,8e,8e,8e,8e,8e,16
8e,8e,8e,8e,8e,8e,8e,8e,8e,7d,50,b,0,0,0,2,0,0,0,0,0,6,2,0,0,0,0,0,0,0,0,0,0,0,0,0,0,0,0,0,0,5,0,0,6,0,43,7b,8e,8e,8e,8e,8e,8e,8e,8e,8e,16
8e,8e,8e,8e,8e,8e,8e,8e,8c,56,13,0,5,0,0,0,0,0,0,0,0,0,0,0,0,0,0,0,0,0,0,0,0,0,0,0,0,0,0,0,0,0,0,0,0,0,b,4f,8e,8e,8e,8e,8e,8e,8e,8e,8e,16
8e,8e,8e,8e,8e,8e,8e,8e,7d,49,0,5,0,0,0,2,0,0,0,0,0,0,0,0,6,0,0,0,0,0,0,0,0,0,0,0,0,0,0,0,5,0,0,0,0,0,0,13,65,81,8e,98,83,97,8e,8e,8e,16
8e,8e,8e,8e,8e,8e,8e,8e,6d,25,0,0,0,0,0,0,0,0,0,0,0,0,0,0,0,0,0,0,0,6,0,0,0,0,0,0,0,0,0,0,0,0,0,0,0,6,0,0,59,97,8e,8e,8e,8e,8e,8e,8e,16
8e,8e,8e,8e,8e,8e,8e,8e,7b,31,0,0,0,5,0,0,0,0,0,0,0,0,0,0,0,0,6,0,0,0,0,0,0,0,0,0,0,0,0,0,0,0,0,0,0,0,0,0,4d,7f,8e,98,98,8e,8e,8e,8e,16
8e,8e,8e,8e,8e,8e,8e,8e,8a,4c,1,0,0,0,0,0,0,0,0,0,0,0,0,0,0,0,0,0,0,0,0,0,0,0,0,0,0,0,0,0,0,0,0,0,0,0,0,0,5f,8e,81,8e,8e,8e,8e,81,8e,16
8e,8e,8e,8e,8e,8e,8e,8e,97,86,39,0,0,2,0,6,0,0,0,0,0,0,0,0,0,0,5a,f6,ff,f7,5a,0,0,0,0,0,0,0,0,0,0,0,0,0,0,0,0,37,86,8e,8e,8e,8e,8e,8e,8e,8e,16
8e,8e,8e,8e,8e,8e,8e,8e,8e,8b,6a,37,0,0,0,0,0,0,0,0,0,0,0,0,0,0,f4,ff,ff,ff,f6,0,0,0,0,0,0,0,0,0,0,0,0,0,0,0,26,77,8b,8e,8e,8e,8e,8e,8e,8e,8e,16
8e,8e,8e,8e,8e,8e,8e,8e,8e,8e,80,77,2d,0,0,0,0,0,0,0,0,0,0,0,0,0,ff,ff,ff,ff,ff,2f,0,0,0,0,0,0,0,0,0,0,0,0,0,26,77,8c,8e,8e,8e,81,8e,8e,8e,8e,8e,16
8e,8e,8e,8e,8e,8e,8e,8e,8e,8e,8e,8c,77,26,0,5,0,0,0,0,0,0,0,0,0,0,fb,ff,ff,ff,ff,0,0,0,0,0,0,0,0,0,0,0,0,0,26,6a,80,8e,8e,8e,8e,8e,83,8e,8e,8e,8e,16
8e,8e,8e,8e,8e,8e,8e,8e,8e,8e,8e,8e,8c,77,26,0,0,2,0,0,0,0,0,0,0,0,f0,fd,ff,ff,f4,0,5,0,0,0,5,0,0,0,0,0,0,26,6a,8c,8e,83,8e,8e,8e,8e,8e,8e,8e,8e,8e,16
8e,8e,8e,8e,8e,8e,8e,8e,8e,8e,97,8e,81,80,5f,1b,2,1,0,0,0,0,0,0,0,0,2f,f2,f7,f2,2f,0,0,0,0,6,0,0,0,0,0,0,39,77,97,97,8e,8e,8e,8e,8e,8e,8e,8e,8e,8e,8e,16
8e,8e,8e,8e,8e,8e,8e,8e,8e,8e,98,8e,8e,8e,97,63,1b,0,0,5,0,0,0,0,0,0,0,0,0,0,0,0,0,0,2,0,0,0,0,0,0,35,77,8b,8e,8e,8e,8e,8e,8e,8e,8e,8e,8e,8e,8e,8e,16
8e,8e,8e,8e,8e,8e,8e,8e,8e,8e,8e,8e,8e,81,8e,8a,60,12,0,0,0,0,0,6,0,0,0,0,0,0,0,0,0,6,0,0,0,0,0,0,35,77,8b,8e,8e,8e,8e,8e,8e,8e,8e,8e,8e,8e,8e,8e,8e,16
8e,8e,8e,8e,8e,8e,8e,8e,8e,8e,8e,8e,97,8e,8e,8e,7c,58,13,0,0,0,0,0,0,0,0,0,0,6,0,0,5,0,0,0,0,0,0,37,77,8b,8e,8e,8e,8e,8e,8e,8e,8e,8e,8e,8e,8e,8e,8e,8e,16
8e,8e,8e,8e,8e,8e,8e,8e,8e,8e,8e,8e,8e,8e,8e,8e,8e,92,58,13,0,2,0,0,0,0,0,0,0,0,0,0,0,0,0,0,0,0,39,77,80,8e,8e,8e,8e,8e,8e,98,8e,8e,8e,8e,8e,8e,8e,8e,8e,16
8e,8e,8e,8e,8e,8e,8e,8e,8e,8e,8e,8e,8e,8e,8e,8e,8e,8e,88,58,13,0,0,0,0,0,0,0,6,0,0,0,0,0,0,0,0,39,77,80,8e,8e,8e,98,8e,8e,8e,8e,8e,8e,8e,8e,8e,8e,8e,8e,8e,16
8e,8e,8e,8e,8e,8e,8e,8e,8e,8e,8e,8e,8e,8e,8e,8e,83,8e,8e,7b,53,b,0,0,0,0,0,0,0,0,0,0,0,0,0,0,37,77,80,8e,8e,8e,8e,8e,8e,8e,8e,8e,8e,8e,8e,8e,8e,8e,8e,8e,8e,16
8e,8e,8e,8e,8e,8e,8e,8e,8e,8e,8e,8e,8e,8e,8e,8e,8e,8e,8d,8e,7b,50,b,0,0,5,0,0,0,0,0,0,0,0,0,35,77,8c,98,8e,8e,8e,8e,8e,8e,8e,8e,8e,8e,8e,8e,8e,8e,98,8e,8e,8e,16
8e,8e,8e,8e,8e,81,8e,8e,8e,8e,8e,8e,8e,8e,8e,8e,8e,8d,8e,8e,8e,7d,4e,6,0,6,0,2,0,0,0,0,0,0,35,77,81,8e,8e,8e,8e,8e,8e,8e,8e,8e,8e,8e,8e,8e,8e,8e,8e,8e,8e,8e,8e,16
8e,8e,8e,8e,8e,8e,8e,8e,8e,8e,8e,8e,8e,8e,8e,8e,8e,8e,8e,8e,8e,8e,7b,49,0,0,0,5,0,0,0,0,0,35,77,80,8e,8e,98,8e,8e,8e,8e,8e,8e,8e,8e,8e,8e,8e,8e,8e,8e,8e,8e,8e,8e,16
8e,8e,8e,8e,8e,8e,8e,8e,8e,8e,8e,8e,8e,8e,8e,8e,81,97,8e,8e,8e,8e,8e,7b,46,0,0,0,0,0,0,2,37,77,80,8e,8e,8e,8e,8e,8e,8e,8e,8e,8e,8e,8e,8e,8e,8e,8e,8e,8e,8e,8e,8e,8e,1a
8e,8e,98,8e,81,8e,8e,8e,8e,8e,8e,8e,8e,8e,8e,8e,8e,8e,8e,8e,8e,97,8e,8e,75,3f,0,0,0,0,0,39,77,8b,8e,8e,8e,8e,8e,8e,8e,8e,8e,8e,8e,8e,8e,8e,8e,8e,8e,8e,8e,8e,8e,8e,8e,16
8e,8e,8e,81,8e,8e,8e,8e,8e,9b,a0,a0,a8,ac,ac,b2,b5,b3,b3,b6,c4,c1,c1,c4,c0,a3,4e,21,17,21,4c,a3,be,c1,c4,c1,c1,c1,c1,c2,bf,b3,b3,b3,b3,ac,ac,ac,a8,a0,9e,8e,8e,8e,8e,8e,8e,1a
8e,8e,9e,b7,c8,cf,d8,dc,e7,e7,e7,e4,e7,eb,e7,e7,e9,ec,ec,e6,e8,e7,eb,e7,e9,e6,c7,a6,9d,a5,bc,e3,e9,e8,e7,e7,e9,e9,e9,e6,e9,e9,e9,e9,ed,e9,e9,e9,e7,e7,e7,e7,e0,da,d2,ce,c1,3b
8e,8e,8e,ac,c1,c6,d4,d2,da,e0,e7,e7,e7,e7,e7,e7,e9,e8,e8,e8,e8,e5,e7,e8,e6,e6,e8,e8,e6,e6,e8,e6,e9,e8,e6,e9,e9,e7,e8,e9,e7,e7,e7,e7,e7,e7,e7,e7,e9,e9,e2,dc,dc,d4,cb,c6,b2,1f
8e,8e,8e,8e,8e,8e,8e,8e,8e,8e,8e,8e,a0,a0,a0,ac,ac,aa,ac,b0,b3,b3,b3,b2,b3,b3,b3,b5,b3,c1,c2,b6,b3,b3,b5,b5,b3,b3,b5,b1,b3,ae,ac,ac,ac,a8,a0,a0,9e,98,81,8e,8e,8e,8e,8e,8e,16
8e,8e,8e,8e,8e,8e,8e,8e,8e,8e,98,8e,8e,8e,8e,8e,8e,8e,8e,8e,8e,8e,8e,8e,8e,8e,8e,81,8e,8e,81,81,8e,8e,8e,8e,8e,8e,8e,8e,8e,8e,8e,8e,8e,8e,8e,8e,98,8e,8e,8e,8e,8e,8e,8e,8e,16
8e,8e,8e,8e,8e,8e,8e,8e,8e,8e,8e,8e,8e,8e,8e,8e,8e,8e,8e,8e,8e,8e,98,8e,8e,8e,8e,8e,81,8e,8e,8e,8e,8e,8e,8e,8e,8e,8e,8e,8e,8e,8e,8e,8e,8e,8e,8e,81,8e,8e,8e,8e,8e,8e,8e,8e,16
8e,8e,8e,8e,8e,8e,8e,8e,8e,8e,81,8e,8e,81,8e,8e,8e,8e,8e,8e,8e,8e,8e,8e,8e,8d,8d,8e,8e,8e,8e,8e,8e,8e,8e,8e,8e,8e,8e,8e,8e,8e,8e,8e,8e,8e,8e,8e,8e,8e,8e,81,81,8e,8e,8e,8e,16
8e,8e,8e,8e,8e,8e,8e,8e,8e,8e,8e,98,8e,8e,8e,8e,8e,8e,8e,8e,8e,8e,8e,8e,8e,8e,8e,8e,8e,8e,8e,8e,8e,8e,8e,8e,8e,8e,8e,8e,8e,8e,8e,8e,8e,8e,8e,8e,8e,8e,8e,81,8e,8e,8e,8e,8e,16
8e,8e,8e,8e,8e,8e,8e,8e,8e,8e,8e,8e,8e,8e,8e,8e,8e,8e,8e,8e,8e,8e,8e,8e,8e,8e,8e,8e,8e,8e,8e,8e,8e,8e,8e,8e,8e,8e,8e,8e,8e,8e,8e,8e,8e,8e,8e,8e,8e,8e,8e,8e,8e,8e,8e,8e,8e,16
8e,8e,8e,8e,8e,8e,8e,8e,8e,8e,8e,98,8e,8e,8e,8e,8e,8e,8e,8e,8e,8e,8e,8e,81,8e,8a,6d,68,68,6b,7d,8b,8e,8e,98,8e,8e,8e,8e,8e,8e,8e,8e,8e,8e,8e,8e,8e,8e,8e,8e,8e,8e,8e,8e,8e,16
8e,8e,8e,8e,8e,8e,8e,8e,8e,8e,8e,8e,8e,8e,8e,8e,81,8e,8e,8e,8e,8e,8e,8e,8e,70,62,2d,13,8,26,57,7c,8b,8e,8e,8e,8e,8e,8e,8e,8e,8e,8e,8e,8e,8e,8e,8e,8e,8e,8e,8e,8e,8e,8e,8e,16
8e,8e,8e,8e,8e,8e,8e,8e,8e,8e,8e,8e,8e,8e,8e,8e,8e,8e,8e,8e,8e,8e,8e,8e,6e,56,11,2,0,0,0,13,5e,7a,8e,8e,8e,8e,81,8e,8e,8e,8e,8e,8e,8e,8e,8e,8e,8e,8e,8e,8e,8e,8e,8e,8e,16
8e,8e,8e,8e,8e,8e,8e,8e,8e,8e,8e,8e,8e,8e,8e,8e,8d,81,8e,8e,8e,8e,8e,7b,58,f,0,0,0,5,0,0,15,58,87,8e,8e,8e,8e,8e,8e,8e,8e,8e,8e,8e,8e,8e,8e,8e,8e,8e,8e,8e,8e,8e,8e,16
8e,8e,8e,8e,8e,8e,8e,8e,8e,8e,8e,8e,8e,8e,8e,8e,8e,8e,8e,8e,81,8e,88,56,11,0,0,0,0,6,0,0,0,15,56,7c,8e,97,98,8e,8e,8e,8e,8e,8e,8e,8e,8e,8e,8e,8e,8e,8e,8e,8e,8e,8e,16
8e,8e,8e,8e,8e,8e,8e,8e,8e,8e,8e,8e,8e,8e,8e,8e,8e,8e,8e,8e,8e,7d,58,15,0,0,0,0,0,0,0,0,0,0,15,58,7c,8e,8e,8e,8e,8e,8e,8e,8e,8e,8e,8e,8e,8e,8e,8e,8e,8e,8e,8e,8e,16
8e,8e,8e,8e,8e,8e,8e,8e,8e,8e,8e,8e,8e,8e,8e,8e,8e,8e,81,8e,88,56,11,0,0,0,2,0,0,0,0,0,0,0,0,15,5f,89,8e,8e,8e,8e,8e,8e,8e,8e,8e,8e,8e,8e,8e,8e,8e,8e,8e,8e,8e,16
8e,8e,8e,8e,8e,8e,8e,8e,8e,8e,8e,8e,8e,8e,8e,8e,8e,8e,8e,7d,56,14,0,0,0,5,0,0,0,0,0,0,0,0,0,0,1d,5f,8b,8e,8e,8e,8e,8e,8e,8e,8e,8e,8e,8e,8e,8e,8e,8e,8e,8e,8e,16
8e,8e,8e,8e,8e,8e,8e,8e,8e,8e,8e,8e,8e,8e,8e,8e,8e,8e,88,58,11,0,0,0,0,0,0,0,0,0,0,0,0,0,0,0,0,19,5f,8b,8e,8e,8e,8e,8e,8e,8e,8e,8e,8e,8e,8e,8e,8e,8e,8e,8e,16
8e,8e,8e,8e,8e,8e,8e,8e,8e,8e,8e,8e,8e,8e,8e,8e,8e,7b,56,15,0,0,0,0,0,0,5a,f6,ff,f7,72,5,0,5,0,0,0,0,25,65,8e,8e,8e,8e,8e,8e,8e,8e,8e,8e,8e,8e,8e,8e,8e,8e,8e,16
8e,8e,8e,8e,8e,8e,8e,8e,8e,83,8e,8e,8e,81,8e,8e,71,56,c,0,5,0,0,0,6,0,f4,ff,ff,ff,f6,0,0,0,0,0,0,0,0,27,65,8b,98,8e,8e,8e,8e,8e,8e,8e,8e,8e,8e,8e,8e,8e,8e,16
8e,8e,8e,8e,8e,8e,8e,8e,8e,8e,8e,8e,8e,8e,8e,88,56,14,0,0,0,0,0,0,0,0,ff,fd,ff,ff,ff,2f,0,0,0,0,0,0,0,0,2c,77,8b,8e,8e,8e,8e,8e,8e,8e,8e,8e,8e,8e,8e,8e,8e,16
8e,8e,8e,8e,8e,8e,8e,8e,81,8e,8e,98,8e,8e,88,58,c,0,0,0,0,0,0,0,0,0,fb,ff,ff,ff,ff,0,0,0,0,0,0,0,0,0,5,34,6a,80,8e,8e,8e,8e,8e,8e,8e,8e,8e,8e,8e,8e,8e,16
8e,8e,8e,8e,8e,8e,8e,8e,8e,8e,8e,8e,8e,70,56,15,0,0,0,0,0,0,0,0,0,0,f0,ff,ff,ff,f4,0,6,0,6,0,0,0,0,0,5,0,37,77,8e,8e,8e,98,8e,8e,8e,8e,8e,8e,8e,8e,8e,16
8e,8e,8e,8e,8e,8e,8e,8e,8e,8e,8e,8e,7b,56,c,0,5,2,0,0,0,0,0,6,0,0,2f,f2,f7,f2,2f,0,0,0,6,6,0,0,0,0,0,0,0,32,77,8f,8e,8e,8e,8e,8e,8e,8e,8e,8e,8e,8e,16
8e,8e,8e,8e,8e,8e,8e,8e,8e,8e,8e,7d,56,f,0,0,0,5,0,0,0,0,0,0,0,0,0,0,0,0,0,0,0,0,0,6,6,0,0,0,0,0,0,0,3f,86,8e,8e,8e,8e,8e,8e,8e,8e,8e,8e,8e,16
8e,8e,8e,8e,8e,8e,8e,8e,81,8e,7b,4e,b,0,0,0,0,0,0,0,0,0,0,0,0,0,0,0,0,0,0,0,0,0,0,0,0,0,0,0,0,0,0,0,0,45,86,8e,8e,8e,8e,8e,8e,8e,8e,8e,8e,16
8e,8e,8e,8e,8e,8e,8e,8e,8e,88,4e,a,0,0,0,0,0,0,0,0,6,0,0,5,0,0,0,0,0,0,6,0,6,0,0,0,6,0,0,0,0,0,0,0,0,0,42,79,8e,8e,8e,8e,8e,8e,8e,8e,8e,16
8e,8e,8e,8e,8e,8e,8e,8e,8b,57,13,0,1,0,0,0,0,0,0,0,0,0,0,0,0,0,5a,f6,ff,f7,5a,0,0,0,0,0,0,0,0,0,0,6,0,0,0,0,b,52,7c,8e,98,8e,8e,8e,8e,8e,8e,16
8e,8e,8e,8e,8e,8e,8e,8e,7d,41,0,0,1,0,0,0,0,0,0,0,0,0,0,0,0,0,f4,fd,ff,ff,f6,0,0,0,0,0,0,0,0,0,0,0,0,0,0,0,6,13,6a,8e,8e,8e,8e,8e,8e,8e,8e,16
8e,8e,8e,8e,8e,8e,8e,8e,7b,26,0,0,1,6,0,0,0,0,0,0,0,0,0,0,0,0,ff,ff,ff,ff,ff,2f,0,0,0,0,0,0,0,0,0,0,0,0,0,0,0,0,58,97,8e,8e,8e,8e,8e,8e,8e,16
8e,8e,8e,8e,8e,8e,8e,8e,88,2a,0,0,0,0,0,0,0,0,0,0,0,0,0,0,0,0,fb,ff,ff,ff,ff,0,0,0,0,0,0,0,0,0,0,0,0,0,0,0,0,0,4a,80,8e,8e,8e,8e,8e,8e,8e,16
8e,8e,8e,8e,8e,8e,8e,8e,8b,4b,0,0,0,0,0,0,0,0,0,0,0,0,0,0,0,6,f0,ff,ff,ff,f4,0,0,0,0,0,0,0,0,0,0,0,0,0,2,0,0,0,60,8c,8e,8e,8e,8e,8e,8e,8e,16
8e,8e,8e,8e,8e,8e,8e,8e,8e,77,33,0,0,0,4,0,0,0,0,0,0,0,0,0,0,0,2f,f2,f7,f2,3a,0,0,0,0,0,0,0,0,0,0,0,0,0,0,2,0,33,7b,8e,8e,8e,8e,8e,8e,8e,8e,16
8e,8e,8e,8e,8e,8e,8e,8e,8e,80,77,37,0,0,0,0,0,0,0,0,0,0,0,0,0,0,0,0,0,0,0,0,0,0,0,0,0,0,0,0,0,0,0,0,0,0,26,6a,8f,8e,8e,8e,8e,8e,81,8e,8e,16
8e,8e,8e,8e,8e,8e,8e,8e,8e,8e,8c,77,29,0,0,6,0,0,0,0,0,0,0,0,0,0,0,0,0,0,0,0,0,0,0,0,0,0,0,0,0,0,0,0,6,26,6a,80,97,83,8e,8e,8e,8e,8e,8e,8e,16
8e,8e,8e,8e,8e,8e,8e,8e,8e,8e,8e,8b,77,26,0,2,0,0,0,0,0,0,0,0,0,0,0,0,0,6,0,0,4,0,0,0,0,0,6,0,0,0,2,0,23,6d,80,8e,8e,8e,8e,8e,8e,8e,8e,8e,8e,16
8e,8e,8e,8e,8e,8e,8e,8e,8e,8e,8e,8e,97,77,26,0,0,0,2,0,0,0,0,0,0,0,5a,f6,ff,f7,5a,0,0,0,0,0,0,0,0,2,0,0,0,26,6a,8e,8e,8e,8e,8e,8e,8e,8e,8e,8e,8e,8e,16
8e,8e,8e,8e,8e,8e,8e,8e,8e,8e,8e,8e,8e,8c,64,18,0,0,0,6,6,1,0,0,6,0,f4,ff,ff,ff,f6,0,0,0,0,0,0,0,0,0,0,0,33,6a,80,8e,83,8e,8e,8e,8e,8e,8e,8e,8e,8e,8e,16
8e,8e,8e,8e,8e,8e,8e,8e,8e,81,8e,8e,8e,8e,97,64,1c,6,6,0,0,0,0,0,0,0,ff,ff,ff,ff,ff,2f,0,0,0,0,0,0,0,0,0,35,6a,80,8e,8e,8e,8e,8e,8e,8e,8e,8e,8e,8e,8e,8e,16
8e,8e,8e,8e,8e,8e,8e,8e,8e,8e,8e,8e,8e,8e,8e,8a,5f,13,0,0,0,0,0,0,0,0,fb,ff,ff,ff,ff,0,0,0,0,0,5,5,0,0,33,6a,8c,8e,8e,8e,8e,8e,8e,8e,8e,8e,8e,8e,8e,8e,8e,16
8e,8e,8e,8e,8e,8e,8e,8e,8e,8e,8f,8e,8e,8e,8e,8e,8a,58,14,0,0,0,0,0,0,0,f0,ff,ff,ff,f4,0,0,0,0,0,5,0,0,35,77,8c,8e,8e,8e,8e,8e,8e,8e,8e,8e,8e,8e,8e,8e,8e,8e,16
8e,8e,8e,8e,8e,8e,8e,8e,81,83,8e,8e,8e,8e,8e,8e,8e,88,58,13,0,0,0,0,0,0,2f,f2,f7,f2,2f,0,6,0,0,0,0,0,39,77,94,8e,98,8e,8e,81,8e,81,8e,8e,8e,8e,8e,8e,8e,8e,8e,16
8e,8e,8e,8e,8e,8e,8e,8e,81,8e,83,8e,8e,8e,8e,8e,8e,98,7d,58,13,0,0,0,0,0,0,0,0,0,0,0,0,2,0,0,0,35,77,95,8e,98,8e,81,83,8e,8e,8e,8e,8e,8e,8e,8e,8e,8e,8e,8e,16
81,8e,8e,8e,8e,8e,8e,8e,8e,8e,8e,8e,8e,8e,8e,8e,8e,8e,8e,7b,58,b,6,0,6,0,0,0,0,0,0,0,0,0,0,0,33,77,94,8e,8e,8e,8e,8e,8e,8e,8e,8e,8e,8e,8e,8e,8e,8e,8e,8e,8e,16
8e,8e,8e,8e,8e,8e,8e,98,8e,8e,8e,8e,8e,8e,8e,8e,8e,91,8e,97,7d,50,b,0,0,0,0,0,0,0,0,0,0,2,6,37,6a,8b,8e,8e,8e,8e,8e,8e,98,8e,8e,98,8e,8e,8e,8e,8e,8e,8e,8e,8e,16
8e,8e,8e,8e,8e,8e,8e,8e,8e,8e,8e,8e,8e,8e,8e,8e,8e,81,8e,8e,8e,88,4e,8,0,5,5,0,0,0,0,0,0,0,33,77,80,98,8e,8e,8e,8e,8e,8e,98,8e,8e,8e,8e,8e,8e,8e,8e,8e,8e,8e,8e,16
8e,8e,8e,8e,8e,8e,8e,8e,98,8e,8e,8e,8e,8e,8e,8e,8e,8e,8e,8e,8e,8e,86,41,0,0,0,0,0,0,0,0,0,33,77,97,8e,8e,97,8e,8e,8e,8e,8e,8e,8e,8e,8e,8e,8e,8e,8e,8e,8e,8e,8e,8e,16
8e,8e,81,8e,8e,8e,8e,81,8e,8e,8e,8e,8e,98,8e,8e,8e,8e,98,8e,8e,8e,8e,6d,43,0,0,0,0,2,0,0,33,77,8c,8e,8e,8e,8e,8e,8e,8e,8e,8e,8e,8e,8e,8e,8e,8e,8e,8e,8e,8e,8e,8e,8e,16
8e,8e,8e,8e,8e,8e,8e,8e,8e,8e,8e,8e,8e,98,8e,8e,8e,8e,8e,8e,8e,8e,8e,8c,75,3f,1,0,2,0,0,39,77,80,8e,8e,8e,8e,8e,8e,8e,8e,8e,8e,8e,8e,81,8e,8e,8e,8e,8e,8e,8e,8e,8e,8e,16
8e,8e,8e,8e,8e,8e,8e,8e,8e,9b,a0,a0,a8,ac,ac,b3,b2,b3,b1,b7,c1,c4,c2,c1,c0,a3,4e,22,17,20,4c,a3,be,be,c4,c1,c4,c1,c4,c1,bf,b3,b3,b3,b3,ac,ac,aa,a8,a0,9f,8e,8e,81,8e,8e,8e,16
8e,8e,9e,b7,c6,cf,d6,da,e8,e8,e8,e8,e8,e8,e8,e8,e9,e6,e8,e8,ed,eb,e7,ea,e9,e9,c9,a6,9d,a5,bc,e1,e7,e9,ec,e8,ec,e7,e7,e9,e8,e8,e8,e8,e8,e8,e8,e8,e9,e9,e9,e9,e3,dc,d4,cf,c1,3b
8e,8e,8e,ab,c1,c6,d2,d2,dc,e2,e9,e9,e9,e9,e9,e9,e6,e6,e6,e6,e6,e6,e6,e6,e5,e9,e9,e8,e8,e8,e8,e8,e8,e8,e8,e8,e8,e8,e8,e8,e8,e8,e8,e8,e8,e8,e8,e8,e9,e9,e2,dc,dc,d4,cb,c8,b3,1f
8e,8e,8e,8e,8e,8e,8e,98,8e,8e,8e,8e,a0,a0,a0,ac,ad,ac,ac,b0,b3,b3,b3,b3,b5,b5,b1,b5,b5,c4,be,b6,b5,b5,b5,b5,b5,b5,b5,b5,b3,ae,ac,ac,ac,a8,a0,a0,9e,8e,8e,8e,8e,8e,8e,8e,8e,16
8e,8e,8e,8e,8e,8e,8e,8e,8e,8e,98,8e,8e,8e,98,8e,8e,8e,8e,8e,8e,8e,8e,8e,8e,8e,8e,8e,8e,8e,8e,8e,8e,8e,8e,8e,8e,8e,8e,8e,8e,8e,8e,8e,8e,8e,8e,8e,8e,8e,8e,8e,98,8e,81,81,8e,16
8e,98,8e,8e,8e,8e,8e,8e,8e,8e,98,8e,8e,8e,8e,81,8e,8e,8e,8e,8e,8e,8e,8e,97,8e,8e,81,8e,8e,8e,8e,8e,8e,8e,8e,8e,8e,8e,8e,8e,8e,8e,8e,8e,8e,8e,8e,8e,8e,8e,8e,8e,8e,8e,8e,8e,16
81,8e,8e,8e,81,8e,8e,8e,8e,8e,8e,81,8e,8e,8e,8e,8e,8e,8e,8e,8e,8e,8e,8e,8f,8e,98,8e,8e,8e,8e,8e,8e,8e,8e,8e,8e,8e,8e,8e,8e,8e,8e,8e,8e,8e,8e,8e,8e,8e,8e,8e,8e,8e,81,98,8e,16
8e,8e,8e,8e,8e,8e,8e,8e,8e,8e,8e,8e,8e,8e,8e,8e,8e,8e,8e,8e,8e,8e,8e,8e,8e,8e,8e,8e,98,8e,8e,98,8e,8e,8e,8e,8e,8e,8e,8e,8e,8e,8e,8e,8e,8e,8e,8e,8e,8e,8e,8e,8e,98,8e,8e,8e,16
8e,8e,8e,8e,8e,8e,8e,8e,8e,8e,8e,8e,8e,8e,8e,8e,81,8e,8e,8e,8e,8e,8e,8e,8e,8e,83,8e,8e,8e,8e,8e,8e,8e,8e,8e,8e,8e,8e,8e,8e,8e,8e,8e,8e,8e,8e,8e,8e,8e,81,8e,8e,8e,8e,8e,8e,16
8e,8e,8e,8e,8e,81,8e,8e,8e,8e,8e,8e,8e,8e,8e,8e,8e,8e,8e,8e,8e,8e,8e,8e,8e,8e,80,6b,67,67,6d,73,8e,8e,8e,8e,8e,8e,8e,8e,8e,8e,8e,8e,8e,8e,8e,8e,8e,8e,8e,8e,8e,8e,8e,8e,8e,16
8e,8e,8e,8e,8e,8e,8e,8e,8e,8e,8e,8e,8e,8e,8e,8e,8e,8e,8e,8e,8e,8e,8e,97,8e,7d,5f,2d,13,6,26,54,70,8e,8e,8e,8e,8e,8e,8e,8e,8e,8e,8e,8e,8e,8e,8e,8e,8e,8e,8e,8e,8e,8e,8e,8e,16
8e,8e,8e,8e,8e,8e,8e,8e,8e,8e,8e,8e,8e,8e,8e,8e,8e,8e,8e,8e,8e,8e,8f,8e,70,56,14,0,0,0,0,10,56,7d,8e,74,8e,8e,97,83,8e,8e,8e,8e,8e,8e,8e,8e,8e,8e,8e,8e,8e,8e,8e,8e,8e,16
8e,8e,8e,8e,8e,8e,8e,8e,8e,8e,8e,8e,8e,8e,8e,8e,8e,8e,81,8e,98,8e,8e,7d,5e,11,6,0,0,0,0,0,15,56,7c,8e,8e,8e,8e,97,8e,8e,8e,8e,8e,8e,8e,8e,8e,8e,8e,8e,8e,8e,8e,8e,8e,16
8e,8e,8e,8e,8e,8e,8e,8e,8e,8e,8e,8e,8e,8e,8e,8e,8e,8e,8e,81,8e,81,70,56,11,6,0,2,0,0,0,0,0,15,57,7c,8e,8e,8e,8e,8e,8e,8e,8e,8e,8e,8e,8e,8e,8e,8e,8e,8e,8e,8e,8e,8e,16
8e,8e,8e,8e,8e,8e,8e,8e,8e,8e,8e,8e,8e,8e,8e,8e,8e,8e,91,8e,8d,7d,57,15,0,2,0,0,6,0,0,0,0,0,13,54,89,8e,8e,8e,8e,8e,8e,8e,8e,8e,8e,8e,8e,8e,8e,8e,8e,8e,8e,8e,8e,16
8e,8e,8e,8e,8e,8e,8e,8e,8e,8e,8e,8e,8e,8e,8e,8e,8e,8e,8e,8e,7d,5e,f,0,0,0,0,0,0,0,9,0,0,6,0,13,60,89,8e,8e,8e,8e,8e,8e,8e,8e,8e,8e,8e,8e,8e,8e,8e,8e,8e,8e,8e,16
8e,8e,8e,8e,8e,8e,8e,8e,8e,8e,8e,8e,8e,8e,8e,8e,8e,8f,8e,70,57,f,0,0,0,0,0,0,0,0,0,0,0,5,0,0,19,5f,8c,8e,8e,8e,8e,8e,8e,8e,8e,8e,8e,8e,8e,8e,8e,8e,8e,8e,8e,16
8e,8e,8e,8e,8e,8e,8e,8e,8e,8e,8e,8e,8e,8e,8e,8e,97,8e,7d,56,15,0,0,1,0,0,0,0,5,0,0,0,2,0,0,0,0,19,63,80,8e,8e,8e,8e,8e,8e,8e,8e,8e,8e,8e,8e,8e,8e,8e,8e,8e,16
8e,8e,8e,8e,8e,8e,8e,8e,8e,97,8e,74,8e,8e,8e,8e,83,7b,57,11,0,0,0,0,0,0,5a,f6,ff,f7,5a,0,0,0,0,0,0,0,25,69,8b,8f,8e,8e,8e,8e,8e,8e,8e,8e,8e,8e,8e,8e,8e,8e,8e,16
8e,8e,8e,8e,8e,8e,8e,8e,97,8e,8e,8e,8e,8e,8f,8e,7b,56,13,0,0,0,0,0,0,0,f4,fd,ff,ff,f6,0,0,0,0,0,0,6,0,25,6a,8b,8e,8e,97,8e,8e,8e,8e,8e,8e,8e,8e,8e,8e,8e,8e,16
8e,8e,8e,8e,8e,8e,8e,8e,8e,8e,8e,8e,8e,98,8e,88,57,13,0,5,0,0,0,0,0,0,ff,ff,ff,ff,ff,2f,0,0,0,0,0,0,6,0,2d,6a,8b,8e,97,8e,8e,8e,8e,8e,8e,8e,8e,8e,8e,8e,8e,16
8e,8e,8e,8e,8e,8e,8e,8e,83,8e,8e,8e,8e,83,6f,54,c,0,5,0,1,0,0,0,0,0,fb,ff,ff,ff,ff,0,0,0,0,0,6,0,0,0,0,39,6a,8b,8e,8e,8e,8e,8e,8e,8e,8e,8e,8e,8e,8e,8e,16
8e,8e,8e,8e,8e,8e,8e,8e,8e,8e,8e,8e,8d,7a,58,11,0,0,0,1,0,0,0,0,0,6,f0,ff,ff,ff,f4,0,0,0,0,0,0,0,0,5,0,0,35,77,81,83,8e,8e,8e,8e,8e,8e,8e,8e,8e,8e,8e,16
8e,8e,8e,8e,8e,8e,8e,8e,8e,8e,8e,8e,70,5b,15,0,0,0,0,0,0,0,0,0,0,0,2f,f2,f7,f2,3a,0,0,0,0,0,0,0,0,0,0,0,0,35,77,97,8e,8e,8e,8e,8e,8e,8e,8e,8e,8e,8e,16
8e,8e,8e,8e,8e,8e,8e,8e,8e,8f,8e,70,57,11,0,0,0,0,0,0,0,0,5,0,0,0,0,0,0,0,0,0,0,0,0,0,0,0,0,0,0,0,0,0,40,86,8e,8e,8e,8e,8e,8e,8e,8e,8e,8e,8e,16
8e,8e,8e,8e,8e,8e,8e,8e,8e,8e,88,4e,b,0,0,0,0,0,0,0,0,0,0,0,0,0,0,0,0,0,0,0,0,0,0,0,0,0,0,0,0,0,0,0,0,46,86,8e,8e,8e,8e,8e,8e,8e,8e,8e,8e,16
8e,8e,8e,8e,8e,8e,8e,8e,81,7d,4e,b,0,5,0,0,0,0,0,0,0,6,0,0,0,0,0,0,0,0,0,0,0,0,0,0,0,6,0,0,0,0,0,0,0,0,46,86,8e,8e,8e,8e,8e,8e,8e,8e,8e,16
8e,8e,8e,8e,8e,8e,8e,8e,97,5d,15,0,0,0,0,9,0,0,5a,f6,ff,f7,5a,0,0,0,0,0,0,0,0,0,0,0,5a,f6,ff,f7,5a,0,0,0,0,0,0,0,b,52,88,8e,8e,8e,98,8e,8e,8e,8e,16
8e,8e,8e,8e,8e,8e,8e,8e,7d,41,0,0,0,0,0,0,6,0,f4,ff,ff,ff,f6,0,0,0,0,0,0,0,0,0,6,0,f4,ff,ff,ff,f6,0,0,0,0,2,0,6,0,e,6a,8e,8e,8e,8e,8e,8e,8e,8e,16
8e,8e,8e,8e,8e,8e,8e,8e,7b,25,0,0,0,0,0,6,0,0,ff,ff,ff,ff,ff,2f,0,0,0,0,0,0,0,0,0,0,ff,ff,ff,ff,ff,2f,0,0,0,6,0,0,0,0,54,8c,8e,8e,8e,8e,8e,8e,8e,16
8e,8e,8e,8e,8e,8e,8e,8e,7b,2b,0,0,0,0,0,0,0,0,fb,ff,ff,ff,ff,0,0,0,0,0,0,0,0,0,0,0,fb,ff,ff,ff,ff,0,0,6,0,0,0,0,0,0,4a,80,98,8e,8e,8e,8e,8e,8e,16
8e,8e,8e,8e,8e,8e,8e,8e,80,4b,0,0,0,5,0,2,0,0,f0,ff,ff,ff,f4,0,0,0,0,0,0,0,0,0,0,0,f0,ff,ff,ff,f4,0,0,0,0,2,0,0,0,0,5f,8e,8e,8e,8e,8e,8e,8e,8e,16
8e,8e,8e,8e,8e,8e,8e,8e,8e,77,34,0,0,0,0,0,0,0,2f,f2,f7,f2,2f,0,0,0,0,0,0,0,0,0,0,0,2f,f2,f7,f2,2f,0,0,0,6,0,0,0,0,33,7b,8e,8e,8e,98,83,8e,8e,8e,16
8e,8e,8e,8e,8e,8e,8e,8e,8e,80,77,36,0,6,0,0,0,0,0,0,0,0,0,0,0,0,0,0,0,0,0,0,0,0,0,0,0,0,0,0,0,0,0,0,0,0,26,77,8b,8e,8e,8e,8e,83,8e,8e,8e,16
8e,8e,8e,8e,8e,8e,8e,8e,8e,98,80,77,2a,0,0,0,0,0,0,0,2,2,0,0,0,0,0,0,0,0,0,0,2,0,0,0,0,0,0,0,0,0,0,0,0,25,77,8b,8e,8e,8e,8e,8e,8e,8e,8e,8e,16
8e,8e,8e,8e,8e,8e,8e,8e,8e,8e,8e,97,77,26,6,0,0,0,0,0,0,0,0,2,0,0,0,0,0,0,0,0,0,0,0,0,0,0,0,0,0,0,0,0,26,77,8e,8e,8e,8e,8e,8e,8e,8e,8e,8e,8e,16
8e,8e,8e,8e,8e,8e,8e,8e,8e,8e,8e,83,97,75,26,0,0,0,2,0,0,0,0,0,0,0,5a,f6,ff,f7,5a,0,0,0,0,0,0,0,0,0,0,5,6,26,77,8b,81,8e,8e,8e,8e,8e,8e,8e,8e,8e,8e,16
8e,8e,8e,8e,8e,8e,8e,8e,8e,8e,8e,8e,8e,97,5f,1d,0,2,0,0,0,0,0,0,6,0,f4,ff,ff,ff,f6,0,0,0,0,0,0,0,0,0,0,6,39,77,97,8e,8e,8e,8e,8e,8e,8e,8e,8e,8e,8e,8e,16
8e,8e,8e,8e,8e,8e,8e,8e,8e,8e,8e,81,8e,8e,97,63,18,0,0,0,0,0,0,0,0,0,ff,ff,ff,ff,ff,2f,0,0,0,0,0,0,0,0,0,39,6a,8b,8e,8e,8e,83,8e,8e,8e,8e,8e,8e,8e,8e,8e,16
8e,8e,8e,8e,8e,8e,8e,8e,8e,8e,8e,8e,8e,8e,8e,8a,5f,13,0,0,0,2,0,0,0,0,fb,ff,ff,ff,ff,0,0,0,0,0,0,2,2,0,35,77,8b,8e,8e,8e,8e,8e,8e,8e,8e,8e,8e,8e,8e,8e,8e,16
8e,8e,8e,8e,8e,8e,8e,8e,8e,8e,83,8e,8e,8e,8e,8e,8a,56,13,0,0,0,0,0,0,0,f0,ff,ff,ff,f4,0,0,0,0,0,0,0,1,35,77,97,8e,8e,8e,8e,8e,8e,8e,8e,8e,8e,8e,8e,8e,8e,8e,16
8e,8e,8e,8e,8e,8e,8e,8e,98,8e,8e,98,8e,8e,8e,83,8e,92,54,14,0,0,0,0,0,0,2f,f2,f7,f2,2f,0,0,0,0,0,0,0,39,6a,80,8e,8e,8e,8e,8e,8e,8e,8e,8e,8e,8e,8e,8e,8e,8e,8e,16
8e,8e,8e,8e,8e,8e,8e,8e,8e,8e,8e,8e,8e,8e,8e,8e,81,8e,7b,56,13,2,0,0,0,0,0,0,0,0,0,2,0,0,0,0,0,33,6a,8b,8e,8e,81,8e,8e,8e,8e,8e,8e,8e,8e,8e,8e,8e,8e,8e,8e,16
8e,8e,8e,8e,8e,8e,8e,8e,8e,8e,8e,8e,8e,98,8e,8e,8e,74,8e,88,5d,e,0,0,0,0,0,0,0,0,0,0,0,0,0,0,39,77,97,8e,8e,8e,8e,8e,8e,8e,8e,8e,8e,8e,8e,8e,8e,8e,8e,8e,8e,16
8e,8e,8e,8e,8e,8e,8e,8e,8e,8e,8e,8e,8e,8e,8e,8e,8e,8e,8e,8e,7b,50,b,0,2,2,0,0,0,0,0,0,0,0,0,39,6a,8b,8e,98,8e,8e,8e,8e,8e,8e,8e,8e,8e,8e,8e,8e,8e,8e,8e,8e,8e,16
8e,8e,8e,8e,8e,8e,8e,8e,8e,8e,8e,8e,8e,8e,8e,81,8e,8e,98,98,8e,70,50,b,0,0,2,0,0,0,2,0,0,0,35,6a,97,8e,8e,8e,8e,8e,8e,8e,8e,8e,8e,8e,98,8e,8e,8e,8e,8e,8e,8e,8e,16
8e,8e,8e,8e,8e,8e,8e,8e,8e,8e,8e,8e,8e,8e,8e,8e,8e,8e,8e,8e,8e,8f,86,48,0,6,0,0,0,0,0,0,0,39,6a,97,8e,8e,8e,8e,8e,8e,8e,8e,98,8e,8e,8e,8e,8e,8e,8e,8e,8e,8e,8e,8e,16
8e,8e,8e,8e,8e,8e,8e,8e,8e,8e,8e,8e,8e,8e,8e,8e,8e,98,8e,83,8e,8e,8e,86,46,0,0,0,0,0,5,0,33,77,8b,83,8e,8e,8e,8e,81,8e,8e,8e,8e,8e,8e,8e,8e,8e,8e,8e,8e,8e,8e,8e,8e,16
8e,8e,8e,8e,8e,8e,8e,8e,8e,8e,8e,8e,81,8e,8e,8e,8e,8f,8e,8e,8e,8e,8e,97,77,3f,0,0,0,0,7,35,6a,97,8e,8e,8e,8e,97,8c,8e,8e,8e,8e,8e,8e,8e,8e,8e,8e,8e,8e,8e,8e,8e,8e,8e,16
8e,8e,8e,8e,8e,8e,8e,8e,8e,9b,a0,a0,a9,ac,ac,b3,b5,b5,b3,b8,c1,c1,c1,c4,bd,a3,50,22,19,20,4c,a3,c1,c1,c1,c1,c4,c4,c2,c4,bf,b3,b3,b3,b3,ac,ac,ac,a8,a0,9b,98,8e,8e,8e,8e,8e,16
8e,8e,9e,b7,c6,cf,d6,da,e7,e7,e7,eb,e7,e7,e7,e7,e7,e7,e7,e7,e7,e7,e7,e7,e9,e8,c9,a4,9d,a7,bc,e2,e7,e7,e7,e7,e7,e7,e7,e7,e7,e7,e7,e7,e7,e7,e7,e7,e7,eb,e7,e7,e0,da,d2,ce,c1,3b
8e,8e,98,ac,c1,c6,d4,d4,da,e0,eb,e4,e7,e7,e7,e7,e9,ed,e9,e9,e9,ed,e9,e9,e9,e5,e6,e6,e8,e8,e7,e9,e9,e9,e9,e9,e9,e9,e9,e9,e7,e7,e7,e7,e7,e7,e7,e7,e7,e7,e0,da,da,d2,cc,c7,b2,1f
8e,8e,8e,8e,8e,8e,8e,8e,8e,8e,8e,8e,a0,a0,a0,ac,ac,aa,ac,b0,b3,b3,b3,b2,b3,b3,b2,b2,b5,c4,c4,b9,b3,b3,b3,b3,b3,b3,b3,b3,b3,ae,ac,ac,ac,a8,a0,a0,9e,8e,8e,81,8e,8e,8e,8e,8e,16
8e,8e,98,8e,8e,81,8e,8e,8e,81,8e,8e,8e,8e,8e,8e,8e,8e,8e,8e,8e,8e,8e,8e,8e,81,8e,8e,8e,8e,8e,8e,8e,8e,8e,8e,8e,8e,8e,8e,8e,8e,8e,8e,8e,8e,8e,8e,8e,98,8e,98,8e,8e,8e,8e,8e,16
81,8e,8e,8e,8e,8e,8e,8e,8e,98,8e,8e,8e,8e,8e,8e,8e,8e,8e,8e,8e,8e,8e,8e,8e,8e,8e,8e,8e,8e,8e,8e,8e,8e,8e,8e,8e,8e,8e,8e,8e,8e,8e,8e,8e,8e,8e,8e,8e,8e,98,98,8e,98,8e,8e,98,1a
8e,8e,8e,8e,8e,8e,98,8e,98,8e,8e,8e,8e,81,8e,8e,81,8e,8e,8e,8e,8e,8e,8e,8e,8e,8e,8e,8e,8e,8e,8e,8e,8e,8e,8e,8e,8e,8e,8e,8e,8e,8e,8e,8e,8e,8e,8e,8e,8e,8e,8e,8e,8e,8e,8e,8e,16
8e,8e,8e,8e,8e,8e,8e,8e,8e,8e,8e,81,8e,8e,8e,8e,8e,8e,8e,8e,8e,8e,8e,8e,8e,8e,8e,8e,81,83,8e,8e,8e,8e,8e,8e,8e,8e,8e,8e,8e,8e,8e,8e,8e,8e,8e,8e,8e,8e,8e,8e,8e,8e,81,8e,8e,16
8e,8e,8e,8e,8e,8e,8e,83,8e,8e,8e,8e,8e,8e,8e,8e,8e,8e,8e,8e,8e,8e,8e,8e,8e,8e,81,8e,8e,8e,8e,8e,8e,8e,8e,8e,8e,8e,8e,8e,8e,98,8e,8e,8e,8e,8e,8e,8e,8e,8e,8e,8e,8e,8e,8e,8e,16
8e,8e,8e,8e,8e,8e,8e,8e,8e,8e,8e,8e,8e,8e,8e,8e,81,97,8e,8e,8e,8e,8e,8e,8e,8e,8b,6d,6a,68,7b,7f,8e,8e,8e,8e,8e,8e,8e,8e,8e,8e,8e,8e,8e,8e,8e,8e,8e,8e,8e,8e,8e,8e,8e,8e,8e,16
8e,8e,8e,8e,8e,8e,8e,8e,8e,8e,8e,8e,8e,8e,8e,8e,97,8e,8e,8e,8e,8e,8e,8e,8e,7d,5f,2d,15,b,23,58,88,8e,98,8e,8e,8e,8e,8e,8e,8e,8e,8e,8e,8e,8e,8e,8e,8e,8e,8e,8e,8e,8e,8e,8e,16
8e,8e,8e,8e,8e,8e,8e,8e,8e,8e,8e,8e,8e,8e,8e,8e,8e,8e,8e,8e,8e,8e,8e,8e,88,58,15,0,0,0,0,10,5d,88,8e,8e,8e,8e,8e,8e,8e,8e,8e,8e,8e,8e,8e,8e,8e,8e,8e,8e,8e,8e,8e,8e,8e,16
8e,8e,8e,8e,8e,8e,8e,8e,8e,8e,8e,8e,8e,8e,8e,8e,8e,8e,8e,98,8e,8e,8e,88,56,11,0,0,0,0,0,5,10,56,7b,8e,97,8e,8e,8e,8e,8e,8e,8e,8e,8e,8e,8e,8e,8e,8e,8e,8e,8e,8e,8e,8e,16
8e,8e,8e,8e,8e,8e,8e,8e,8e,8e,8e,8e,8e,8e,8e,8e,8e,8e,8e,8e,8e,8e,88,58,13,0,2,0,0,0,0,2,0,15,57,88,8e,8e,8e,8e,8e,8e,8e,8e,8e,8e,8e,8e,8e,8e,8e,8e,8e,8e,8e,8e,8e,16
8e,8e,8e,8e,8e,8e,8e,8e,8e,8e,8e,8e,8e,8e,8e,8e,8e,8e,8e,8d,8e,7b,56,11,5,0,0,0,0,0,0,0,0,0,13,57,7d,8e,8e,8e,8e,8e,8e,8e,8e,8e,8e,8e,8e,8e,8e,8e,8e,8e,8e,8e,8e,16
8e,8e,8e,8e,8e,8e,8e,8e,8e,8e,8e,8e,8e,8e,8e,8e,8e,8e,8e,8e,7d,56,11,0,0,0,0,0,0,0,0,6,2,0,0,13,60,7c,8e,8e,8e,8e,8e,8e,8e,8e,8e,8e,8e,8e,8e,8e,8e,8e,8e,8e,8e,16
8e,8e,8e,8e,8e,8e,8e,8e,8e,8e,8e,8e,8e,8e,8e,8e,8e,8e,8e,88,58,11,0,0,0,0,0,0,0,0,0,0,0,0,0,0,17,63,80,8e,8e,8e,8e,8e,8e,8e,8e,8e,8e,8e,8e,8e,8e,8e,8e,8e,8e,16
8e,8e,8e,8e,8e,8e,8e,8e,81,97,8e,8e,8e,8e,8e,8e,8e,8e,7b,58,15,0,0,0,0,0,0,0,0,0,0,0,0,0,0,0,2,18,64,8c,8d,8e,8e,8e,8e,8e,8e,8e,8e,8e,8e,8e,8e,8e,8e,8e,8e,16
8e,8e,8e,8e,8e,8e,8e,8e,97,8e,8e,8e,8e,8e,8e,8e,8e,88,56,e,0,0,0,0,0,0,6,5a,f6,ff,f7,5a,6,0,0,0,0,0,26,77,97,8e,97,98,8e,8e,8e,8e,8e,8e,8e,8e,8e,8e,8e,8e,8e,16
8e,8e,8e,8e,8e,8e,8e,8e,8e,8e,8e,8e,8e,8e,8e,8e,7b,56,14,0,0,0,0,0,0,0,0,f4,ff,ff,ff,f6,0,0,0,0,0,0,1,28,77,97,8e,8e,98,8e,8e,8e,8e,8e,8e,8e,8e,8e,8e,8e,8e,16
8e,8e,8e,8e,8e,8e,8e,8e,8e,8e,8e,98,8e,8e,8e,88,58,e,0,0,0,0,0,0,0,0,0,ff,ff,ff,ff,ff,2f,0,0,0,0,0,0,0,2d,77,97,8e,97,8e,8e,8e,8e,8e,8e,8e,8e,8e,8e,8e,8e,16
8e,8e,8e,8e,8e,8e,8e,8e,8e,8e,8e,8e,8e,8e,88,58,15,0,0,0,9,5,0,6,0,0,0,fb,ff,ff,ff,ff,0,0,0,0,0,0,0,0,0,33,78,8b,8e,81,8e,8e,8e,8e,8e,8e,8e,8e,8e,8e,8e,16
8e,8e,8e,8e,8e,8e,8e,8e,8e,8e,8e,8d,8e,7b,56,11,0,0,0,0,5,1,0,6,0,6,0,f0,ff,fd,ff,f4,0,0,0,6,0,6,2,0,0,5,33,77,8f,98,83,8e,8e,8e,8e,8e,8e,8e,8e,8e,8e,16
8e,8e,8e,8e,8e,8e,8e,8e,8e,8e,8e,8e,7d,56,11,0,0,0,0,0,0,0,0,5,0,0,6,2f,f2,f7,f2,2f,0,0,0,0,0,6,0,0,0,0,0,33,77,8e,8e,83,8e,8e,8e,8e,8e,8e,8e,8e,8e,16
8e,8e,8e,8e,8e,8e,8e,8e,8e,8e,8e,88,58,11,0,0,0,0,0,0,0,6,5,0,0,0,0,0,0,0,0,0,0,0,0,0,0,0,0,0,0,6,0,0,3c,86,8e,82,8e,8e,8e,8e,8e,8e,8e,8e,8e,16
8e,8e,8e,8e,8e,8e,8e,8e,8e,8f,70,51,b,0,0,0,0,0,0,0,0,0,0,0,0,0,6,0,0,0,0,0,0,0,0,0,0,0,0,0,6,0,0,0,0,46,7b,8f,8e,8d,8e,8e,8e,8e,98,8e,8e,16
8e,8e,8e,8e,8e,8e,8e,8e,8e,7d,50,b,0,0,0,6,0,0,0,0,0,0,0,0,0,6,6,0,0,0,0,0,0,0,0,0,0,0,0,0,0,0,0,0,0,0,41,86,98,8e,8e,8e,8e,8e,8e,8e,8e,16
8e,8e,8e,8e,8e,8e,8e,8e,81,57,14,0,0,0,0,0,0,5a,f6,ff,f7,5a,6,0,0,0,0,5a,f6,ff,f7,5a,0,0,0,0,0,5a,f6,ff,f7,5a,0,0,0,0,b,52,7a,8e,8e,8e,81,8e,8e,8e,8e,16
8e,8e,8e,8e,8e,8e,8e,8e,88,41,0,0,5,0,0,0,6,f4,ff,ff,ff,f6,0,0,0,0,0,f4,ff,ff,ff,f6,0,0,6,0,0,f4,ff,ff,ff,f6,0,6,0,0,0,14,75,8e,8e,8e,8e,8e,8e,98,8e,16
8e,8e,8e,8e,8e,8e,8e,8e,7b,28,0,0,0,0,0,0,0,ff,ff,ff,ff,ff,2f,0,0,0,0,ff,ff,ff,ff,ff,2f,0,0,0,0,ff,ff,ff,fd,ff,2f,0,0,0,0,0,58,97,8e,8e,8e,8e,8e,8e,8e,16
8e,8e,8e,8e,8e,8e,8e,8e,88,2a,0,0,0,0,0,0,0,fb,ff,ff,ff,ff,0,0,0,0,0,fb,ff,ff,ff,ff,0,0,0,0,0,fb,ff,ff,ff,ff,0,0,0,0,0,0,4d,8b,98,8e,8e,8e,8e,8e,8e,16
8e,8e,8e,8e,8e,8e,8e,8e,8a,4c,0,0,0,0,0,0,0,f0,ff,ff,ff,f4,0,0,0,0,0,f0,ff,ff,ff,f4,0,0,0,0,6,f1,ff,ff,fd,f4,0,0,0,0,0,0,60,8e,83,8e,8e,8e,8e,8e,8e,16
8e,8e,8e,8e,8e,8e,8e,8e,8e,77,34,0,0,0,0,0,0,2f,f2,f7,f2,2f,0,0,0,0,0,2f,f2,f7,f2,2f,0,0,0,0,0,2f,f2,f7,f2,30,0,0,0,0,0,35,7b,8e,8e,8e,8e,97,97,8e,8e,16
8e,8e,8e,8e,8e,8e,8e,8e,97,8c,6a,39,0,0,0,0,0,0,0,0,0,2,0,0,0,0,0,0,0,0,6,0,0,0,0,6,0,6,0,0,5,0,0,0,0,0,27,6c,8e,8e,8e,8e,8e,8e,8e,8e,8e,16
8e,8e,8e,8e,8e,8e,8e,8e,8e,8f,97,6a,31,0,0,2,0,0,0,0,0,0,0,0,0,0,0,0,0,0,0,0,0,0,0,0,0,0,0,0,0,0,0,0,0,25,6a,8b,8e,8e,8e,8e,8e,8e,8e,8e,8e,16
8e,8e,8e,8e,8e,8e,8e,8e,8e,8e,8e,8c,6a,23,0,6,0,5,0,0,0,0,0,0,0,0,6,0,0,0,0,0,6,0,0,0,0,0,0,0,0,0,0,0,26,77,97,8e,8e,8e,8e,8e,8e,8e,8e,8e,8e,16
8e,8e,8e,8e,8e,8e,8e,8e,8e,8e,8e,8e,80,6a,26,2,5,0,0,0,0,5,6,0,0,0,6,5a,f6,ff,f7,5a,0,0,0,0,0,0,0,0,0,0,0,28,84,80,97,8e,8e,8e,8e,8e,8e,8e,8e,8e,8e,16
8e,8e,8e,8e,8e,8e,8e,8e,8e,8e,83,8e,8e,8b,63,1d,0,0,0,0,0,0,0,0,0,0,0,f4,ff,ff,ff,f6,0,0,0,0,0,0,0,0,0,0,37,6a,8b,8e,8e,8e,8e,8e,8e,8e,8e,8e,8e,8e,8e,16
8e,8e,8e,8e,8e,8e,8e,8e,8e,8e,8e,8e,8e,8e,97,63,1b,1,5,0,0,0,0,0,0,0,0,ff,ff,fd,ff,ff,2e,0,0,0,0,0,0,0,0,36,6a,80,8e,8e,8e,8e,8e,8e,8e,8e,8e,8e,8e,8e,8e,16
8e,8e,8e,8e,8e,8e,8e,8e,8e,8e,8e,8e,97,81,8e,8a,5f,14,0,2,6,0,0,0,0,0,0,fb,ff,ff,ff,ff,0,0,0,0,0,0,0,5,34,77,8b,8e,8e,8e,8e,8e,8e,8e,8e,8e,8e,8e,8e,8e,8e,16
8e,8e,8e,8e,8e,8e,8e,8e,8e,8e,81,81,8e,8e,8f,81,8a,56,11,0,0,0,0,0,0,0,0,f0,ff,ff,ff,f4,0,0,0,0,0,0,5,3b,6c,8b,81,8e,8e,8e,8e,8e,8e,8e,8e,8e,8e,8e,8e,8e,8e,16
8e,8e,8e,8e,8e,8e,8e,8e,8e,8e,8e,8e,8e,8e,8e,8e,8e,92,5d,16,0,0,0,0,0,0,0,2f,f2,f7,f2,2e,0,0,0,0,0,0,34,65,8e,8e,8e,8e,8e,8e,8e,8e,8e,8e,8e,8e,8e,8e,8e,8e,8e,16
8e,8e,8e,8e,8e,8e,8e,8e,8e,8e,8e,8e,8e,8e,8e,8e,8e,8e,70,56,13,5,0,0,0,0,0,0,0,0,0,0,0,0,0,2,6,33,77,8b,8e,8e,8e,8e,8e,8e,8e,8e,8e,8e,8e,8e,8e,8e,8e,8e,8e,16
8e,8e,8e,8e,8e,8e,8e,8e,8e,8e,8e,8e,8e,8e,8e,8e,8e,8e,8e,7b,57,b,0,0,0,0,0,0,0,0,0,0,0,0,2,0,37,77,8c,8e,8e,8e,8e,8e,8e,8e,8e,8e,8e,8e,8e,8e,8e,8e,8e,8e,8e,16
8e,8e,8e,8e,8e,8e,8e,8e,8e,8e,8e,8e,8e,8e,8e,8e,8e,98,8e,8e,7b,50,b,0,0,0,0,0,0,0,0,0,0,2,0,36,77,80,8e,8e,8e,8e,8e,8e,8e,8e,8e,8e,8e,8e,8e,8e,8e,8e,8e,8e,8e,16
8e,8e,8e,8e,8e,8e,8e,8e,8e,8e,8e,8e,8e,8e,8e,8e,8e,8e,8e,8e,8e,7b,50,b,0,5,6,0,6,5,0,0,0,0,37,77,97,8e,8e,8e,8e,8e,8e,8e,8e,8e,8e,8e,8e,8e,8e,8e,8e,8e,8e,8e,8e,16
8e,8e,8e,8e,8e,8e,8e,8e,8e,8e,8e,8e,8e,8e,8e,8e,83,8e,8e,8e,8e,8e,7b,41,0,0,0,0,0,0,0,0,0,33,77,80,8e,8e,98,98,8e,8e,8e,8e,8e,8e,8e,8e,8e,8e,8e,8e,8e,8e,8e,8e,8e,16
8e,8e,8e,8e,8e,8e,8e,8e,8e,8e,8e,8e,8e,8e,8e,8e,8e,83,8e,8e,8e,8e,8e,86,41,1,0,0,0,0,0,1,34,77,8c,8e,8e,98,8e,8e,8e,8e,8e,8e,8e,8e,8e,8e,8e,8e,8e,8e,8e,8e,8e,8e,8e,16
8e,8e,8e,8e,8e,8e,8e,8e,8e,8e,8e,8e,8e,8e,8e,8e,8e,8e,8e,98,8e,8e,8e,8e,84,3c,0,0,5,0,1,35,65,8b,8e,8e,8e,98,8e,8e,8e,8e,8e,8e,8e,8e,8e,8e,8e,8e,8e,8e,8e,8e,8e,8e,8e,16
8e,8e,8e,8e,8e,8e,8e,8e,98,9e,9f,a0,a8,ac,ad,b3,b5,b1,b5,b9,c1,c1,c4,c1,c3,a3,50,21,18,21,4b,a3,c1,c1,c1,c1,c1,c1,c1,c1,bf,b2,b2,b3,b3,ac,ac,ac,a8,a0,9e,8e,8e,8e,8e,81,8e,16
81,8e,9e,ba,c6,cf,d7,dc,e8,e8,e8,e8,e8,e8,e8,e8,e7,e7,e7,e7,e7,e7,e7,e7,e9,e8,c9,a5,9c,a5,bc,e0,e6,e6,e6,e6,e6,e6,e6,e6,e9,e9,e9,e9,e9,e9,e9,e9,e8,e8,e8,e8,e0,db,d3,ce,c1,3b
8e,8e,8e,ac,c1,c6,d5,d4,dc,e2,ed,e9,e9,e9,e9,e9,e6,e6,e6,e6,e6,e6,e6,e6,e8,e6,e6,e8,e8,e6,e6,ea,e6,e6,e6,e6,e6,e6,e6,e6,e8,e8,e8,e8,e8,e8,e8,e8,e9,e9,e2,dc,dc,d4,cb,c8,b3,1f
8e,8e,8e,8e,8e,8e,8e,8e,8e,8e,8e,8e,a0,a0,a0,aa,ad,ac,ac,b0,b3,b3,b3,b2,b4,b2,b2,b3,b5,c1,c1,b8,b5,b5,b5,b5,b5,b5,b5,b5,b3,ae,ac,ac,ac,a8,a0,a0,9e,8e,8e,8e,8e,8e,8e,8e,8e,16
8e,8e,8e,8e,8e,8e,8e,8e,8e,8e,8e,8e,8e,8e,8e,8e,8e,98,8e,8e,8e,8e,98,8e,81,8e,8e,8e,8e,8e,81,8e,8e,8e,8e,8e,8e,8e,8e,8e,8e,8e,8e,8e,8e,8e,8e,8e,8e,8e,8e,81,8e,8e,8e,8e,8e,16
8e,8e,8e,8e,8e,8e,98,8e,8e,8e,81,8e,8e,8e,8e,8e,8e,8e,8e,8e,8e,8e,8e,8e,8e,8e,8e,8e,8e,8e,8e,8e,8e,8e,8e,8e,8e,8e,8e,8e,8e,8e,8e,8e,8e,8e,8e,8e,8e,8e,8e,8e,8e,8e,8e,8e,8e,16
8e,98,98,8e,81,8e,8e,8e,8e,8e,8e,8e,8e,8e,8e,8e,8e,8e,8e,8e,8e,8e,8e,8e,8e,98,8e,8e,8e,8e,81,8e,8e,8e,8e,8e,8e,8e,8e,8e,8e,8e,8e,8e,8e,8e,98,8e,8e,81,8e,8e,8e,8e,8e,8e,8e,16
8e,8e,8e,8e,8e,8e,8e,8e,8e,8e,8e,8e,8e,8e,8e,8e,8e,8e,81,8e,8e,8e,8e,8e,8e,8e,8e,8e,8e,8e,8e,8e,8e,8e,8e,8e,8e,8e,8e,8e,8e,8e,8e,8e,8e,8e,8e,8e,8e,8e,8e,8e,8e,8e,8e,8e,8e,16
8e,8e,8e,8e,8e,8e,8e,8e,8e,8e,8e,8e,8e,8e,8e,8e,8e,8e,8e,8e,98,8e,8e,8e,8e,8e,8e,81,8e,8e,8e,8e,97,8e,8e,8e,8e,8e,8e,8e,8e,8e,8e,8e,8e,8e,8e,8e,8e,8e,8e,8e,8e,8e,8e,8e,8e,16
8e,8e,8e,8e,8e,8e,8e,8e,8e,8e,8e,8e,8e,8e,8e,8e,8e,8e,8e,8e,98,97,8e,8e,8e,8e,8b,6d,65,6c,6d,7d,8e,8f,8e,8e,8e,8e,9a,97,8e,8e,8e,8e,8e,8e,8e,8e,8e,8e,8e,8e,8e,8e,8e,8e,8e,16
8e,8e,8e,8e,8e,8e,8e,8e,8e,8e,8e,8e,8e,8e,8e,8e,8e,8e,8e,8e,8e,8e,8e,8e,8e,7d,60,2d,15,b,26,57,88,8e,8e,98,8e,9a,8e,8e,8e,8e,8e,8e,8e,8e,8e,8e,8e,8e,8e,8e,8e,8e,8e,8e,8e,16
8e,8e,8e,8e,8e,8e,8e,8e,8e,8e,8e,8e,8e,8e,8e,8e,8e,8e,8e,8e,83,8e,8e,8e,7e,56,13,0,0,0,0,e,5d,70,8e,8e,8e,8e,8e,83,8e,8e,8e,8e,8e,8e,8e,8e,8e,8e,8e,8e,8e,8e,8e,8e,8e,16
8e,8e,8e,8e,8e,8e,8e,8e,8e,8e,8e,8e,8e,8e,8e,8e,98,8e,8e,83,8e,8e,8e,7d,5d,c,0,0,0,0,0,0,15,5e,7d,8d,8e,8e,8e,8e,8e,8e,8e,8e,8e,8e,8e,8e,8e,8e,8e,8e,8e,8e,8e,8e,8e,16
8e,8e,8e,8e,8e,8e,8e,8e,8e,8e,8e,8e,8e,8e,8e,8e,8e,97,8e,8e,8e,8e,7d,5d,15,0,0,0,0,0,0,0,0,14,5b,6f,8e,8e,8e,8e,8e,8e,8e,8e,8e,8e,8e,8e,8e,8e,8e,8e,8e,8e,8e,8e,8e,16
8e,8e,8e,8e,8e,8e,8e,8e,8e,8e,8e,8e,8e,8e,8e,8e,8e,8e,8e,8e,8e,7d,5d,10,0,0,0,0,6,0,0,0,0,0,13,57,89,8e,8f,8e,8e,8e,8e,8e,8e,8e,8e,8e,8e,8e,8e,8e,8e,8e,8e,8e,8e,16
8e,8e,8e,8e,8e,8e,8e,8e,8e,8e,8e,8e,8e,8e,8e,8e,8e,8e,8e,8e,7d,5d,10,0,0,0,0,0,0,5,0,0,0,0,0,11,60,8a,8e,97,8e,8e,8e,8e,8e,8e,8e,8e,8e,8e,8e,8e,8e,8e,8e,8e,8e,16
8e,8e,8e,8e,8e,8e,8e,8e,8e,8e,8e,8e,98,8e,8e,8e,8e,8e,98,7b,5d,11,2,0,0,0,6,0,0,0,0,0,0,0,0,0,18,63,80,8e,8e,8e,8e,8e,8e,8e,8e,8e,8e,8e,8e,8e,8e,8e,8e,8e,8e,16
8e,8e,8e,8e,8e,8e,8e,8e,8e,8e,8e,8e,98,97,8e,8e,8e,83,70,58,15,0,0,0,0,0,5a,f6,ff,f7,5a,0,0,0,0,6,0,18,64,80,8e,8e,8e,8e,8e,8e,83,8e,8e,8e,8e,8e,8e,8e,8e,8e,8e,16
8e,8e,8e,8e,8e,8e,8e,8e,8e,8e,8e,8e,8e,8e,8e,8e,8e,70,58,15,0,0,0,0,0,0,f4,ff,ff,ff,f6,0,0,0,0,0,0,0,23,77,80,8e,8e,8e,8e,8e,8e,8e,8e,8e,8e,8e,8e,8e,8e,8e,8e,16
8e,8e,8e,8e,8e,8e,8e,8e,8e,8e,8e,8e,83,8e,8e,8e,7b,58,15,0,0,0,0,0,0,0,ff,ff,ff,ff,ff,2f,0,0,0,0,0,0,0,28,77,8b,8e,8e,8e,8e,8e,96,8e,8e,8e,8e,8e,8e,8e,8e,8e,16
8e,8e,8e,8e,8e,8e,8e,8e,98,8e,8e,83,8e,8e,8e,7d,5d,15,0,0,0,0,0,0,0,6,fb,ff,ff,ff,ff,0,0,0,6,0,0,0,0,0,2c,77,8c,8e,8e,8e,8e,8e,8e,8e,8e,8e,8e,8e,8e,8e,8e,16
8e,8e,8e,8e,8e,8e,8e,8e,8e,97,8e,8e,8e,8e,7d,5d,11,0,0,0,0,2,0,0,0,0,f0,ff,ff,ff,f4,0,0,2,0,0,0,0,0,0,0,35,77,8b,98,98,8e,98,8e,8e,8e,8e,8e,8e,8e,8e,8e,16
8e,8e,8e,8e,8e,8e,8e,8e,8e,8e,8e,8e,8e,7d,5d,10,2,0,0,0,0,0,0,0,0,0,2f,f2,f7,f2,2f,0,0,0,0,0,0,0,0,0,0,2,35,77,97,8e,8e,8e,8e,8e,8e,8e,8e,8e,8e,8e,8e,16
8e,8e,8e,8e,8e,8e,8e,8e,8e,8e,8e,8e,7d,5d,10,0,0,0,0,0,0,0,0,0,0,0,0,0,0,6,0,5a,f6,fe,f8,55,0,0,0,0,0,0,0,33,77,8b,83,8e,8e,8e,8e,8e,8e,8e,8e,8e,8e,16
8e,8e,8e,8e,8e,8e,8e,8e,8d,8e,8e,7b,54,13,0,0,0,0,0,0,0,0,0,0,0,0,0,0,0,0,0,f4,ff,ff,ff,f6,0,0,0,0,0,0,0,0,3f,7b,8e,8e,8e,8e,8e,8e,8e,8e,8e,8e,8e,16
8e,8e,8e,8e,8e,8e,8e,8e,8e,8e,7d,50,b,5,0,0,0,0,0,0,0,0,0,0,0,0,0,0,0,0,0,ff,ff,ff,fd,ff,2f,0,0,0,0,0,0,0,0,46,86,8e,8e,8e,8e,8e,8e,8e,8e,8e,8e,16
8e,8e,8e,8e,8e,8e,8e,8e,8e,7b,4e,b,0,0,0,6,5a,f6,ff,f7,5a,0,6,0,0,0,0,0,0,0,0,fa,ff,ff,ff,ff,0,0,0,0,0,0,6,0,0,0,49,7b,8e,8e,8e,8e,8e,8e,8e,8e,8e,16
8e,8e,8e,8e,8e,8e,8e,8e,8b,57,e,0,0,0,0,0,f4,ff,ff,ff,f6,0,6,0,0,0,0,0,0,0,0,f0,fd,ff,ff,f4,6,0,0,0,6,0,5,0,0,2,b,52,7d,8e,8e,8e,8e,8e,81,81,8e,16
8e,8e,8e,8e,8e,8e,8e,8e,88,41,0,0,0,0,0,0,fd,ff,ff,ff,ff,2f,0,0,0,0,0,0,0,0,0,2f,f2,f7,f2,2f,0,0,0,0,6,0,0,0,0,0,0,11,6a,8e,8e,8e,8e,8e,8e,81,8e,16
8e,8e,8e,8e,8e,8e,8e,8e,6e,26,0,0,0,0,0,0,fb,ff,ff,ff,ff,0,0,0,0,0,0,0,0,0,0,0,0,0,0,0,72,f6,fd,f7,72,0,2,0,0,0,0,0,58,93,8e,8e,8e,8e,8e,8e,8e,16
8e,8e,8e,8e,8e,8e,8e,8e,7b,2b,0,0,0,0,0,0,f0,ff,ff,ff,f4,0,0,0,0,0,0,0,0,0,0,0,0,0,0,0,f4,ff,ff,ff,f6,4,0,0,0,0,0,0,4a,89,8e,81,8e,8e,8e,8e,8e,16
8e,8e,8e,8e,8e,8e,8e,8e,80,4d,0,0,0,0,0,6,2f,f2,f7,f2,2f,0,0,6,0,0,0,0,0,0,0,0,0,0,0,0,ff,ff,ff,ff,ff,3a,0,0,0,0,0,0,60,8e,83,8e,8e,8e,8e,8e,8e,16
8e,8e,8e,8e,8e,8e,8e,8e,8e,77,38,0,0,0,0,6,0,0,0,0,0,5a,f6,ff,f8,5a,6,0,0,0,0,6,0,0,0,0,fb,ff,ff,ff,ff,0,0,0,0,0,0,37,85,81,91,8e,8e,8e,8e,8e,8e,16
8e,8e,8e,8e,8e,8e,8e,8e,8e,8b,77,35,0,0,0,0,0,0,0,0,0,f4,ff,ff,ff,f6,0,0,0,0,0,0,0,0,0,0,f0,ff,ff,ff,f4,6,0,0,0,0,27,6a,7c,8e,8e,8e,8e,8e,8e,8e,8e,16
8e,8e,8e,8e,8e,8e,8e,8e,8e,8e,8b,6a,2d,5,5,0,0,0,0,0,0,ff,ff,ff,ff,ff,2f,0,0,0,0,0,0,0,6,0,2f,f2,f7,f2,2f,0,0,5,0,26,75,97,8e,8e,8e,8e,8e,8e,8e,8e,8e,16
8e,8e,8e,8e,8e,8e,8e,8e,8e,8e,8e,8b,6a,26,0,0,9,0,0,0,0,fb,ff,ff,ff,ff,0,0,0,0,0,0,0,0,0,0,0,0,0,0,0,0,0,0,26,6a,80,8e,98,8e,8e,8e,8e,8e,8e,8e,8e,16
8e,8e,8e,8e,8e,8e,8e,8e,8e,81,8e,8e,97,77,26,2,0,0,0,0,0,f0,ff,ff,ff,f4,0,0,0,0,0,0,0,0,0,0,0,0,6,0,5,0,0,25,77,8c,8e,8e,8e,8e,8e,8e,8e,8e,8e,8e,8e,16
8e,8e,8e,8e,8e,8e,8e,8e,8e,8e,8e,8e,8e,8b,63,18,2,0,0,6,0,2f,f2,f7,f2,2f,0,0,0,0,0,0,0,0,0,0,0,0,0,0,0,0,37,75,8b,98,81,8e,8e,8e,8e,98,8e,8e,8e,8e,8e,16
8e,8e,8e,8e,8e,8e,8e,8e,8e,8e,8e,8e,8e,8e,97,5f,1d,0,0,0,0,0,0,0,0,0,5a,f6,ff,f7,5a,0,0,0,6,6,0,0,6,0,0,35,6a,80,8e,8e,8e,8e,8e,8e,8e,8e,8e,8e,8e,8e,8e,16
8e,8e,8e,8e,8e,8e,8e,8e,8e,98,97,8e,8e,8e,8e,8a,66,13,0,5,0,0,0,0,0,0,f4,ff,ff,ff,f6,0,0,0,0,0,0,0,0,0,37,6a,8b,8e,8e,8e,8e,8e,8e,8e,8e,8e,8e,8e,8e,8e,8e,16
8e,8e,8e,8e,8e,8e,8e,8e,8e,8e,8e,8e,8e,8e,8e,8e,8a,58,13,0,0,0,5,0,0,0,ff,ff,ff,ff,ff,2f,0,0,0,0,5,0,0,37,76,8b,98,8e,97,8e,8e,8e,8e,8e,8e,8e,8e,8e,8e,8e,8e,16
8e,8e,8e,8e,8e,8e,8e,8e,8e,8e,8e,8e,8e,8e,8e,8e,8e,8a,58,13,0,0,0,0,0,0,fb,ff,ff,ff,ff,0,0,0,0,0,0,0,35,77,8b,8e,83,8e,8e,8e,8e,8e,8e,8e,8e,8e,8e,8e,8e,8e,8e,16
8e,8e,8e,8e,8e,8e,8e,8e,8e,8e,8e,8e,8e,8e,8e,8e,8e,8e,88,57,13,0,0,0,0,0,f0,ff,ff,ff,f4,0,0,0,2,0,0,37,6a,89,98,83,8e,8e,8e,8e,8e,8e,8e,8e,8e,8e,8e,8e,8e,8e,8e,16
8e,8e,8e,8e,8e,8e,8e,8e,8e,8e,8e,8e,8e,8e,8e,8e,8e,8e,8e,88,54,b,0,0,0,0,2f,f2,f7,f2,2f,0,0,0,0,0,37,77,94,8e,8e,8e,8e,8e,8e,8e,8e,8e,8e,8e,8e,8e,8e,8e,8e,8e,8e,16
8e,8e,8e,8e,8e,8e,8e,8e,8e,8e,8e,8e,8e,8e,8e,8e,8e,8e,8e,8e,70,50,b,0,0,0,0,0,0,0,0,0,0,0,0,33,6a,80,8e,8e,8b,8e,8e,8e,8e,8e,8e,8e,8e,8e,8e,8e,8e,8e,8e,8e,8e,16
8e,8e,8e,8e,8e,8e,8e,8e,8e,8e,8e,8e,8e,8e,8e,8e,8e,98,8e,8e,8d,7d,50,b,0,0,0,0,0,6,0,0,0,0,37,77,80,8e,83,8e,8e,8e,8e,8e,8e,8e,8e,8e,8e,8e,8e,8e,8e,8e,8e,8e,8e,16
8e,8e,8e,8e,8e,8e,8e,8e,8e,8e,8e,8e,8e,8e,8e,8e,8e,8e,8e,8e,8e,83,6d,43,5,0,0,0,0,0,0,0,0,35,6a,94,8e,83,8e,8e,8e,8e,8e,8e,8e,8e,98,8e,8e,8e,8e,8e,8e,8e,8e,8e,8e,16
8e,8e,8e,8e,8e,8e,8e,8e,8e,8e,8e,8e,8e,8e,8e,8e,8e,8e,8e,8e,83,8e,8e,79,47,5,0,0,0,0,0,0,37,77,89,8e,8e,8e,8e,8e,8e,8e,8e,8e,8e,8e,8e,8e,8e,8e,8e,8e,8e,8e,8e,8e,8e,16
8e,8e,98,8e,8e,8e,8e,8e,8e,8e,98,8e,81,8e,8e,8e,8e,8e,8e,8e,8e,8e,8e,8e,84,3f,0,0,6,0,1,33,76,89,98,83,8e,8e,8e,8e,8e,8e,8e,8e,8e,8e,8e,8e,8e,81,8e,8e,8e,8e,8e,8e,8e,16
8e,81,8e,8e,8e,8e,8e,8e,8e,9f,a0,a0,a8,ac,ad,b3,b3,b3,b2,b9,c4,c4,c1,c1,c0,a3,4e,21,18,21,4c,a3,bd,c4,c4,c1,c1,c1,c1,c4,bf,b3,b3,b3,b3,ac,ac,ac,a2,a0,9e,8e,8e,8e,8e,8e,8e,16
8e,8e,9e,b9,c6,cf,d7,da,e7,e7,e7,e7,e7,e7,e7,e7,e9,e9,e9,e9,e9,e9,e9,e9,e8,ec,c9,a6,9d,a6,bc,e2,ea,e6,e8,e8,e8,e6,e6,e8,e7,e7,e7,e7,e7,e7,e7,e7,e9,e5,e9,e9,e2,dc,d4,cf,c1,3b
8e,8e,8e,ac,c1,c8,d4,d4,d9,e1,e6,ea,e6,e6,e6,e6,e7,e7,e7,e7,e7,e7,e7,e9,e7,e9,e6,e6,e9,e7,e7,e9,e8,e8,e6,e6,e6,e6,e6,e6,e6,e6,e6,e8,e8,e8,e8,e8,e6,e6,e1,d9,d9,d3,ca,c5,b3,1f
8e,8e,8e,8e,8e,8e,8e,8e,8e,8e,8e,8e,a0,a0,a0,ac,ac,ad,ac,b0,b3,b3,b3,b5,b5,b3,b2,b5,b5,c1,c1,b9,b1,b2,b3,b3,b5,b5,b5,b3,b3,ae,ac,ac,ac,a8,a0,a0,9e,8e,8e,8e,8e,98,8e,8e,8e,16
8e,8e,8e,8e,98,8e,98,8e,8e,8e,81,8e,8e,8e,8e,8e,8e,8e,8e,8e,8e,81,8e,8e,8e,83,8e,8e,8f,8e,8e,8d,8e,8e,8e,8e,8e,8e,8e,8e,8e,81,8e,81,8e,8e,8e,8e,8e,8e,8e,8e,81,8e,8e,8e,8e,16
3d,3d,3d,3d,3d,3d,3d,3d,3d,3d,3d,3d,3d,3d,3d,3d,44,3d,3d,3d,3d,3d,3d,3d,3d,3d,3d,3d,3e,3e,3d,3d,3d,44,3d,3d,3d,3d,3d,3d,3d,3d,3d,3d,3d,3d,3d,3d,3d,3d,3d,3d,3d,3d,3d,3d,3d,b
